site,wildtype
207,L
208,V
209,S
210,Y
211,C
212,G
213,P
214,W
215,K
216,L
217,D
218,A
219,A
220,W
221,D
222,G
223,L
224,S
225,E
226,V
227,Q
228,L
229,L
230,A
231,V
232,P
233,P
234,G
235,E
236,R
237,A
238,R
239,N
240,I
241,Q
242,T
243,L
244,P
245,G
246,I
247,F
248,K
249,T
250,K
251,D
252,G
253,D
254,I
255,G
256,A
257,V
258,A
259,L
260,D
261,Y
262,P
263,A
264,G
265,T
266,S
267,G
268,S
269,P
270,I
271,L
272,D
273,K
274,C
275,G
276,R
277,V
278,I
279,G
280,L
281,Y
282,G
283,N
284,G
285,V
286,V
287,I
288,K
289,N
290,G
291,S
292,Y
293,V
294,S
295,A
296,I
297,T
298,Q
299,G
300,K
301,R
302,E
303,E
304,E
305,T
306,P
307,V
308,E
