site,A,C,D,E,F,G,H,I,K,L,M,N,P,Q,R,S,T,V,W,Y,*
207,0.0032494974724261924,0.04413746819900394,0.005467408445669467,0.004686350096288114,0.004176006395206035,0.002659820324920281,0.004956068087441387,0.11167725871794758,0.004473334182820473,0.6591629843245066,0.004562208371883131,0.005693334414498784,0.002906723477444526,0.004175111903965774,0.0016480704884075427,0.0019304196201126982,0.009565144623475599,0.11495037325531116,0.0038935709739030423,0.005102914549291503,0.0009259320754762807
208,0.045918811503243416,0.2346580089356644,0.002440146726708464,0.0015263469237024136,0.0015138869488150468,0.0007584914160729786,0.0021564087352307355,0.13512760082136452,0.001605637672985656,0.11797378640894401,0.0659494994690683,0.001972884587551524,0.0010302841734991291,0.0018545115122984325,0.0006090349794083523,0.0006682924368643001,0.02211127512917076,0.3583333922623959,0.001545426260248694,0.0018923586860188088,0.00035391441074397566
209,0.151280765265032,0.0985617107029754,0.005333557088321684,0.0035919874268288904,0.0065187919968376145,0.003744837955630119,0.003520147678292312,0.007822550396205137,0.003142988998475279,0.0022289239400453934,0.004345861331225076,0.006902250349592769,0.002107872861252881,0.003171304214677758,0.0020115129590241782,0.3325111445496453,0.33244187536132247,0.015241501655099288,0.009026019687929003,0.005500230747331737,0.0009941648342557006
210,0.005295458575978351,0.01884814481780839,0.00942034209831938,0.006991660151096417,0.009131964278983074,0.005326979162740127,0.018263928557966148,0.007396136358184638,0.0069374612351964455,0.0031182317050186107,0.008135749994003101,0.007990468744110189,0.004971847218557451,0.00952055850362065,0.0038409120143362285,0.002499811450671344,0.0035654681248619177,0.005027710670451355,0.009943694437114901,0.8524265826966444,0.0013468892043369545
211,0.2095166564390906,0.1004444471360002,0.02628703770629374,0.01434962999496505,0.014467463596460391,0.12467121220322348,0.037111112055944105,0.02321263675656111,0.001722506301818428,0.04612381069810196,0.06807429892189745,0.07987587008916094,0.0009206499199374356,0.046503430539238604,0.011127402547949437,0.06116899514210008,0.021648148699300727,0.08560858803814378,0.0073715982285455185,0.019343891522343913,0.00045061346292296433
212,0.0040334398288570834,0.008481532350400405,0.013345940610188874,0.009179823369188616,0.009972790785635642,0.864498289867031,0.01194110475648478,0.008985385757354886,0.005817461291620791,0.0033611998573809016,0.008726191937431186,0.011067365384059067,0.0046779585643961005,0.0063910138133298836,0.0030366116930558495,0.0033364851525472185,0.0034375907632304675,0.003376002594395801,0.0047404423351101645,0.009972790785635642,0.001620578502665792
213,0.06521422255055123,0.026316335715787634,0.0012812388011514966,0.001021277305265686,0.03437332980268638,0.48168340567352547,0.01732749257513855,0.0014680861263194234,0.013014266849045152,0.016217581969046622,0.012131763459771664,0.027358364536832016,0.1336721183882694,0.007142510088869898,0.02376835290077714,0.037504334401529185,0.020619727027845307,0.00242492626473978,0.00468727224582087,0.07252394859467895,0.000249444722348079
214,0.0030818741227795973,0.003617599610540597,0.006434453404992538,0.005203820240103255,0.006224177149927422,0.004358387387710019,0.005736741589993347,0.005668447047255332,0.003855461959266784,0.002092820409589556,0.004309045719180523,0.005771509720841792,0.0034132584370569733,0.0049341922483880606,0.0015098510945318296,0.0018384152585692961,0.002637947656340431,0.003122292144061953,0.9183569142976952,0.006224177149927422,0.0016086133512481344
215,0.017214746457037553,0.028517357767213744,0.0053365794477884506,0.0029199975354300867,0.0045007296547613426,0.018727817041155292,0.004016780229518188,0.004150672903835461,0.3561852587205077,0.0018561593812979355,0.04219234804155015,0.0028506216116458596,0.0017214772412220802,0.05910119073495021,0.39297567562280467,0.029832279162820132,0.010331138592313957,0.009622421332495431,0.003220349666768892,0.00424500637892263,0.0004813924759602981
216,0.004086259193686778,0.1869537394213863,0.0052400264954336325,0.003774595356880159,0.00276166366657951,0.001936531530921125,0.005004519686650099,0.005498793235948873,0.003591953646063377,0.42405696638132845,0.3297794257711612,0.0053024077632364145,0.0027493966179744367,0.004454022521118588,0.0015047373382157392,0.0012112937820209623,0.003181444657941848,0.002071638381915622,0.002559783058114131,0.0037428760681668806,0.000537925425255868
217,0.018999942729753513,0.008214962515182127,0.4342069427168461,0.23009369071405558,0.027111029392162905,0.003740145535367474,0.041208764676087625,0.006479407054228158,0.009200758017003985,0.005441298152652413,0.00766729834750332,0.0065785484639948825,0.004694264294389789,0.021072663754817533,0.0031295095295931917,0.032556081643678784,0.010441409968603283,0.003740145535367474,0.11887143656563738,0.004866579877139327,0.0016851205159347956
218,0.5164772466505446,0.03080513510769951,0.007502890049650465,0.00503117774259657,0.006057936988920654,0.031647828773259674,0.04429125416406565,0.007572421236150818,0.00871764367673673,0.0024018252378980565,0.0070807055714657,0.005507215444473321,0.0037600988207093706,0.03211763459850374,0.018604727358889368,0.10230083261599883,0.1166973501177439,0.03839539382400511,0.005192517419074846,0.007890970569459971,0.0019471940321530675
219,0.02915763370863171,0.06516111543336212,0.01083924473490578,0.04446262053543022,0.036998451965761105,0.003678578699420411,0.033680761322277805,0.10181796210637678,0.058952757266944884,0.051447427245144756,0.10608127579063396,0.07033952271165615,0.00017320046239444785,0.08865184631675911,0.07183972923155499,0.022104755736653353,0.06307442953896696,0.07903254185359239,0.04179719298291329,0.020572055921277633,0.00013689643534233652
220,0.0076918693765852955,0.006451362700478993,0.01049836225723128,0.018948263586222314,0.010222089566251511,0.004464820730086868,0.009710985087938936,0.012331409635478009,0.007616458892501126,0.0030582556707997185,0.009591096383149565,0.008092487573282445,0.006936417919956381,0.012331409635478009,0.003047416586917743,0.004389145802458277,0.005470977514331794,0.005589056165720251,0.7359825348957272,0.11510144369126686,0.002474136328137308
221,0.007337659379696526,0.017546576777535173,0.7611101347576106,0.009608839663888308,0.013231844783059308,0.010226090961306415,0.011697717851690114,0.014413259495832461,0.020178563294165446,0.008407734705902269,0.02242062588240605,0.005806780804076387,0.007614552186477527,0.025223204117706805,0.006958125273850153,0.005345314779911376,0.008071425317666178,0.007548345825325913,0.026904751058887257,0.006332818596604975,0.004015634486401083
222,0.0010705951534837937,0.0013195707705730478,0.002101538634616335,0.0032438558757137232,0.09864166792168047,0.10688209099345043,0.1512335962498572,0.002101538634616335,0.038119153027361276,0.003781662006682665,0.3510974620941169,0.025866568125709435,0.001493198503543186,0.033354258898941114,0.017293207405044475,0.029780588302625994,0.03573670596315119,0.0007528988175784629,0.0019448547462939424,0.09380885315327188,0.00037613472168793595
223,0.0836551099626186,0.12046335834617078,0.03035190999763542,0.05774089544788262,0.08948248916183635,0.019905206091472533,0.06693763535632366,0.04647703971334045,0.001633128057313735,0.07968900670771248,0.045125237618933486,0.0303800136180036,0.0007081023795863023,0.01936018259134888,0.0005478881224536401,0.04641139662309661,0.06589255127581897,0.04807606722145555,0.07336490245142732,0.0732040145074549,0.0005938647481140855
224,0.004786703089863684,0.004761486684263912,0.007358661239316956,0.02665536622590758,0.008431799336717343,0.03904353164690901,0.015447996335469165,0.0037371322142661866,0.005865599538585979,0.002734637622719139,0.007636346569102502,0.17604894442866412,0.004305599661302473,0.07031501780282517,0.002295686164072712,0.3816685045596387,0.2214212808083913,0.003550231299670461,0.005469275245438278,0.006634858494466107,0.0018313410324091966
225,0.03039298687408026,0.01344864672296433,0.008489760623371576,0.6229113452768306,0.01243365451745759,0.005357590970937009,0.09416561989376623,0.009550488252539888,0.006793646282734559,0.003581433094702457,0.008786449192336695,0.016764333844723537,0.020489741365773213,0.05795871915522282,0.004845468304597441,0.026343953184565547,0.005230029281152795,0.010673793244191687,0.014325732378809831,0.025932328916056725,0.0015242786231850268
226,0.009361447386621704,0.01696596739671844,0.01402954996267102,0.01459073196117786,0.014304639177625353,0.00900662466739374,0.028059099925342036,0.02527865492927139,0.034739838002804425,0.0058625971706966935,0.016211924401308732,0.020843902801682662,0.010275163352942155,0.022798018689340404,0.007929745631074923,0.008290188614305602,0.0071523195888126756,0.6859477030196154,0.022107169638148273,0.02026490550163592,0.005979808180810598
227,0.00907497606326369,0.02149336436036137,0.029169565917633283,0.00763315743639002,0.022687440158159225,0.010209348071171652,0.005393241485399698,0.019446377278422196,0.00430025961478533,0.0031413378680528155,0.010746682180180687,0.012190266353637794,0.0033336646763009463,0.7725072590188748,0.010157712418432557,0.005833913183526658,0.0052355631134213595,0.00785334467013204,0.016668323381504736,0.01992067916326176,0.003003523587087356
228,0.03450968408451716,0.017777716043539143,0.021728319608770065,0.039110975295786124,0.028418725475803076,0.018924665465702963,0.01333328703265436,0.049083043939854874,0.030877085759831144,0.5506113373501373,0.02666657406530872,0.015438542879915572,0.005759518185710107,0.04512804841821475,0.008898294353854266,0.007619021161516778,0.015855800795588966,0.00803650177310674,0.030877085759831144,0.021728319608770065,0.009617452941586752
229,0.0357861734098984,0.01590496595995484,0.0715723468197968,0.02044924194851337,0.026486048613801726,0.01192872446996613,0.0715723468197968,0.02044924194851337,0.0014757184911298306,0.13396082136502163,0.15625149338697725,0.13376161247154242,0.01590496595995484,0.0715723468197968,0.017893086704949195,0.007533931244189135,0.023857448939932264,0.010224620974256683,0.027919751880502622,0.120193456451521,0.005301655319984947
230,0.31601199339601493,0.1886496559307564,0.008344742895691357,0.012477373561944106,0.021055567885780672,0.003963401013794009,0.030626280561135533,0.030626280561135533,0.011229636205749694,0.007834629910988159,0.01773100453539425,0.018716060342916157,0.004812701231035584,0.01464735157271699,0.00580843252021536,0.004330724285752625,0.018149549272477184,0.24613203698032418,0.015313140280567765,0.01773100453539425,0.00580843252021536
231,0.023720779874559977,0.1282645522082608,0.00694130420760575,0.005090289752244217,0.048652071527271336,0.0021815527509618073,0.010907763754809037,0.14213517084657362,0.008982864268666266,0.37619297813868546,0.019733008032040127,0.010907763754809037,0.008037299608806659,0.01527086925673265,0.0036359212516030113,0.00372460225773967,0.00587341125258948,0.14300812201496793,0.006108347702693059,0.029599512048060186,0.0010318154903197737
232,0.12632990677518324,0.07729275681483072,0.0030971537929535883,0.006039449896259497,0.0063573156802731534,0.006211025101191755,0.0017881097230758708,0.09547928783008501,0.004026299930839664,0.078683832221798,0.0629669441293233,0.0033552499423663874,0.11323250661545005,0.11893756113316623,0.001548576896476794,0.11500188794012654,0.06492994066017231,0.0994958444094756,0.008627785566084996,0.005490408996599543,0.0011081559442677976
233,0.010208592507632277,0.014292029510685188,0.014292029510685188,0.01828050286250431,0.01139219743605341,0.00958611735472787,0.013887886467536218,0.015116569674763183,0.019172234709455744,0.006964923440912013,0.022458903516791015,0.015116569674763183,0.7401762749590516,0.022458903516791015,0.007631666243569759,0.005574905128281456,0.007830032104913027,0.010077713116508786,0.01746803606861523,0.013101027051461423,0.004912885144298033
234,0.06649961685028126,0.030714632416185633,0.004930264040408377,0.004279097091675195,0.005399812996637747,0.21293979599998192,0.11425843258821057,0.006299781829410704,0.13381618231051687,0.00254822635796388,0.007820418822716738,0.06347690699345032,0.007087254558087043,0.008279596564363084,0.16974867818488543,0.051721924216885436,0.009521536049017546,0.002940698236539373,0.07073141064984464,0.025390762797380124,0.001594970445558076
235,0.09131693433739244,0.005588927348133535,0.2430069958873973,0.14725987085295106,0.004012563224301,0.10487630585629562,0.019317403326292778,0.0031936727703620214,0.06579707863813382,0.013135834261879089,0.0032602076197445627,0.08296316375923636,0.0026981028577196388,0.0450371460407283,0.01412455296976246,0.06613846621365695,0.03753095503394025,0.04378611420626362,0.003912249143693475,0.0026981028577196388,0.0003453527943961271
236,0.05741690748983825,0.10263834924056614,0.028543097121665268,0.04096530605654175,0.020017479223233225,0.036174924808132815,0.06665302887908478,0.052608845675226175,0.05524430985736184,0.05110441547975074,0.052882420327811076,0.06268287995346099,0.06267541770584747,0.04564154305649236,0.022861454248349268,0.05837707076900086,0.04725611806015271,0.0679997313780849,0.005954816953247304,0.06212321138244794,0.00017867233370412653
237,0.051992989626111326,0.20417521096520652,0.0021845465948447645,0.005384840728752699,0.026377915453890035,0.008358558743138516,0.061028194925863914,0.06533606750886606,0.08333682080212511,0.03141157091772407,0.01921649044378414,0.025129256734179258,0.16784328119445546,0.09644848060832614,0.012727805358870014,0.028284660914971626,0.056752651360628716,0.018006320616342695,0.002646628146734401,0.032309044372516194,0.0010486639826683478
238,0.013014395838374595,0.07635469273076562,0.0004925113052202982,0.039184578482256746,0.07383661243858079,0.015171148129238097,0.014621111373976398,0.18044315701968958,0.09477454431003565,0.09488492068736769,0.054614151308676535,0.022419037440097146,0.00025844652650174065,0.07200207676618567,0.024220964984868688,0.041156869726049254,0.07725479117871313,0.10131120828908273,0.0006450490312048411,0.003225245156024206,0.00011448727709068336
239,0.0630732132490125,0.08019308541660156,0.010608609210808997,0.0095477482897281,0.007699797007845242,0.031894977154330165,0.13687876165002774,0.008375217798007104,0.00842185928759227,0.003269776811550719,0.009742600295640919,0.44965939887497375,0.004546546804632429,0.010608609210808997,0.004151194908577433,0.12192624278735986,0.003361883200608485,0.005751655596221747,0.010377987271443585,0.016706892795125324,0.003203942379103389
240,0.09880686899192626,0.06823585482519352,0.001638144436930038,0.0031739048465519483,0.0011809878498797949,0.0011541472169279813,0.0017117689060055456,0.14375708602468515,0.004738601029527327,0.019921800176040498,0.03138386735494021,0.0012385970132885657,0.00111202505572623,0.0022404034210954933,0.0008279751773613779,0.020243554753399336,0.30951357026231235,0.2840837212153271,0.0032414347369041177,0.0013724993931035455,0.00042318731287359313
241,0.04932873916288379,0.029790689533663157,0.012060630635653144,0.19514268189940823,0.009422367684104017,0.01582630381475855,0.00433967080700913,0.010050525529710953,0.0039475201272728255,0.002461353190949621,0.03267365948853379,0.008260705914830921,0.0025444368429647984,0.5720965022583999,0.002462749891618607,0.02245308127414022,0.002778947151072153,0.00446690023542709,0.008040420423768763,0.010050525529710953,0.0018015886041192503
242,0.031091275260090638,0.02030322072647638,0.015983386529353744,0.02030322072647638,0.03414632576725572,0.007437813533461644,0.01926202991999041,0.015331003405706652,0.009756093076358777,0.006157534154751032,0.013658530306902289,0.015108693748761814,0.00736489379293751,0.01341462797999332,0.004637155351108803,0.005564586421330563,0.7077142949697491,0.008440664796400292,0.018322418704381123,0.022764217178170485,0.003238013650343215
243,0.06364354954682978,0.0819057996015235,0.005728204778169149,0.003818803185446099,0.03571831862322079,0.003463565679823206,0.03750423455438182,0.102284276057405,0.025687831886562897,0.13989406249345387,0.060020000725922854,0.012501411518127272,0.0013297618235035523,0.07865817801323995,0.02310043432697432,0.01447531859993685,0.1524562380259424,0.034424176644118586,0.008153094468343875,0.1145962722495,0.0006364671975743497
244,0.014413896755801117,0.04427125432138915,0.018229340014689652,0.023838367711517237,0.023838367711517237,0.01147773260184163,0.010134147006554177,0.022135627160694574,0.021372329672394764,0.020213284351709188,0.0309898780249724,0.02582489835414367,0.5815578816508358,0.015117013670718247,0.007467440487945157,0.046319633777684686,0.008303155770049161,0.011694293594329209,0.02817261638633855,0.02817261638633855,0.006456224588535917
245,0.007822725178963267,0.012815102963420906,0.02233489373624787,0.014476320014234729,0.01628586001601407,0.7365929291550927,0.01532786825036618,0.02171448002135209,0.010422950410249003,0.006107197506005277,0.015033101553243756,0.016632367675929263,0.00908978233451948,0.02695590623340259,0.0064485221870501964,0.007171754869437388,0.007976747762945668,0.006807697661107114,0.015953495525891336,0.02112760218293717,0.0029026947615898337
246,0.002802444418520127,0.07793555302428656,0.0036721685484056837,0.0040958803039909545,0.10057124673354627,0.0018360842742028418,0.0026623221975941203,0.09981491607153135,0.0032270572092049942,0.08601810607606857,0.0031321437618754356,0.0025355449500896383,0.001638352121596382,0.01655493773391708,0.0011965493022894924,0.001097864823750153,0.056943208762922255,0.12953627390775663,0.3035761706957044,0.10057124673354625,0.0005819283492009006
247,0.007861127409299931,0.010860768131269643,0.014481024175026188,0.013756972966274882,0.7797436504454736,0.006206153217868367,0.01684527301992842,0.014231351344422289,0.012506339060249892,0.00517327954991824,0.024314789811644758,0.013313199644782142,0.00917131531084992,0.013756972966274882,0.005002535624099957,0.008360487964592125,0.007436201603391828,0.0071156756722111445,0.010719719194499907,0.016184674077970446,0.0029584888099515876
248,0.018153533670195784,0.11777811637237746,0.0016731635834851895,0.001975493993996751,0.011306699171748235,0.0006861174407097541,0.14372156995138882,0.08962353807764722,0.08987357341575901,0.006587416725242929,0.07442976753073186,0.0009272415500166484,0.0006861174407097541,0.024889858288011626,0.18167563130222794,0.047712666717661,0.00937910696056823,0.14881075038946068,0.0013064427980637784,0.028603256833291665,0.0001999377867057774
249,0.002181825217364209,0.09872659580252025,0.005386381005367892,0.006629392006606635,0.004103909337423156,0.002329245840159088,0.002329245840159088,0.014705624593358616,0.012208841243627741,0.3158116277223147,0.3480745364832443,0.002921426985962246,0.0012138323392378348,0.005386381005367892,0.0014988190623632393,0.001448438589678761,0.16190405431637525,0.0027359395582821034,0.005069535063875663,0.004008469585390059,0.0013258784013213273
250,0.03068012562704747,0.04663379095311216,0.007117345230779409,0.0036523218947420656,0.003802417315073931,0.024038036573769152,0.007286529836423775,0.02436093557252128,0.2622610304530523,0.0011147649156642448,0.04984290473243711,0.002280965063140286,0.07096446449386634,0.1224427416865525,0.17848929490029017,0.05646243747686225,0.04001124075858735,0.06000671629996049,0.003701019520005293,0.0040820068235352495,0.000768909872577277
251,0.02580396154869303,0.05230532746356695,0.3617537962955084,0.20025006093459696,0.007837166253284568,0.024126413658292455,0.040386143814124496,0.007837166253284568,0.0068575204716239966,0.002743008188649599,0.012649000759163247,0.040647913606788544,0.004129259638827353,0.06616400397100776,0.0033984172248756094,0.07619279984850302,0.04322828609961459,0.005759812845690406,0.007680422928218878,0.008357788410409872,0.0018917297852755852
252,0.1144058470442817,0.06212372612464402,0.005577737924397033,0.019420234971461465,0.13115008848535964,0.29452257069663207,0.01008846834502766,0.006941184972582975,0.04209755926690557,0.004628826652424457,0.021858348080893264,0.005784320810485811,0.004164710983549785,0.0688000464185493,0.15072726919688953,0.004887580937342594,0.030719840546120276,0.0020144853634770283,0.0033880020458282962,0.015429422174748188,0.0012697289583993247
253,0.0071558906568702195,0.05987348937902581,0.28724536406204265,0.32414618932518624,0.004912394183945629,0.003016150844968309,0.006768187542325089,0.042637181830518386,0.006215682436829163,0.0034109745464414704,0.01382827518827623,0.058996101055989236,0.0030456843940462903,0.029356748145602827,0.0018021801148202902,0.04786367508716258,0.08333630994146775,0.002239473819151684,0.004992925236141459,0.007140112676707606,0.0020170095324809866
254,0.006090257133052147,0.009744411412883435,0.010215915190926184,0.010735368505719038,0.008797038081075325,0.0055560240512054675,0.00844515655783231,0.5982858324977778,0.00844515655783231,0.1834629539281325,0.073385181571253,0.008559280295100315,0.006032254684165937,0.007631165564306305,0.004034310457563206,0.003640153688720824,0.021976748404628564,0.00455673914990952,0.010735368505719038,0.00711670496446543,0.002553978797731546
255,0.00498277200675361,0.009238889762522318,0.009854815746690474,0.008458248417455492,0.005759307903910016,0.8415574118434967,0.00953691846453917,0.0077124644974099375,0.013438385109123374,0.003411282373854395,0.01122700528103978,0.008869334172021424,0.011518615807820034,0.017056411869271974,0.004466366500951653,0.0033595962772808435,0.006983727694505061,0.004220807089352367,0.008528205934635985,0.007453221993295316,0.0023662112540701052
256,0.23037414093522737,0.7061006992457274,0.006977985273519529,0.0036214858373090067,0.004003762042183336,0.0022825185474129295,0.004003762042183336,0.004003762042183336,0.004361240795949705,0.0013720757560291208,0.004210853182296268,0.0046967208571766055,0.001744496318379882,0.0023711600443998395,0.0016501992200890778,0.0011392952860341929,0.0028863988109943664,0.0031733668784757656,0.005550670103935989,0.00444053608314879,0.0010348706973439979
257,0.011693648023988392,0.025726025652774463,0.019489413373313988,0.020746794881269726,0.020140332931834617,0.009058459736892415,0.017865295592204487,0.038252851562814,0.03573059118440897,0.007392536107119097,0.030626221015207695,0.0169250168768253,0.013125523292231865,0.040196915082460094,0.008810282757799473,0.006915598293756576,0.010719177355322691,0.6038015631986005,0.030626221015207695,0.022969665761405765,0.009187866304562307
258,0.7081881949705365,0.022116586065738,0.031569862160868316,0.017487533168257952,0.011568675788232188,0.005967967668532478,0.01928112631372031,0.01599923247308706,0.017487533168257952,0.00569669641087191,0.02349887269484663,0.019788524374607683,0.007300620643059147,0.026855854508396143,0.00759559521449588,0.004467975587549519,0.00731551844350592,0.0066002228498591685,0.01928112631372031,0.01566591512989775,0.006266366051959102
259,0.00436995981423531,0.008490207639085746,0.007247738228487831,0.007428931684200027,0.007819928088631608,0.006322495050383002,0.005036563853694933,0.5595008852125246,0.007619417112000029,0.27952194692871984,0.0065418292667901515,0.009004765677818216,0.0033017474152000122,0.00436995981423531,0.0024159127428292774,0.002251191419454553,0.004127184269000016,0.058131493447792344,0.008490207639085746,0.006459940594956544,0.001547694100875006
260,0.009163239942080625,0.020854270213011082,0.5676128446458739,0.013502536049294122,0.01832647988416125,0.008526361718953874,0.031830201904069544,0.03023869180886607,0.03557493153984243,0.010799532788880739,0.028798754103681965,0.028798754103681965,0.022399030969530418,0.08639626231104591,0.016345238815603277,0.009304212864266482,0.01141082709768531,0.011199515484765209,0.013744859913120938,0.019002292247938625,0.006171161593646135
261,0.005139212606150866,0.43838781723589987,0.005139212606150866,0.0898055109781303,0.11621372892168874,0.005139212606150866,0.004111370084920692,0.0031625923730159164,0.0063251847460318355,0.05474356257012299,0.12222051789923062,0.012190793345447558,0.0034261417374339105,0.019189211747463745,0.0024917394454064797,0.008196070102306548,0.002055685042460346,0.0025696063030754323,0.02198036981982211,0.07702797194528793,0.000484487883802363
262,0.010462057998668055,0.03254862488474506,0.024411468663558797,0.03661720299533819,0.029293762396270552,0.016739292797868892,0.011478868244913938,0.018308601497669098,0.030835539364495318,0.03124315616055453,0.026630693087518684,0.020202594756048662,0.5498751266269986,0.048822937327117594,0.00901346535269863,0.030840142133808215,0.009145842063063271,0.01126683169087329,0.019529174930847035,0.023435009917016445,0.00929960710992716
263,0.16765367091576647,0.428121900107108,0.0029699200207157854,0.0033935679999203016,0.0024080432600398264,0.035078585565178455,0.004242742886736837,0.0036366367600601454,0.004049890937339708,0.00418653515369962,0.010441997563588004,0.01825227216399529,0.15798355573058145,0.07951146061440448,0.0016499555670643257,0.06548273003890677,0.0017679872673333893,0.001360268711778223,0.003712400025894732,0.0031820571650526277,0.0009138215448356265
264,0.009693965635832594,0.02056295740934187,0.03991632908872245,0.014751686837136558,0.01785730511863899,0.6383737061253951,0.042411099656767606,0.02609913825031853,0.01578087429089027,0.0050640118993155354,0.019387931271665187,0.03571461023727798,0.011309626575138027,0.0128033508397789,0.004846982817916297,0.006924261168451853,0.011124222860791504,0.005574016649211769,0.009246278253858722,0.04846982817916298,0.004087816834387239
265,0.008365194301087201,0.0257926824283522,0.038689023642528304,0.030951218914022638,0.016290115217906652,0.009672255910632074,0.016290115217906652,0.011081790133001007,0.014738675673344115,0.008145057608953326,0.017195121618901466,0.011553531134889335,0.007549077783907962,0.03439024323780294,0.005245969307461465,0.37431527252092606,0.28986009709030836,0.018206599361189787,0.02813747174002058,0.0257926824283522,0.0077378047285056595
266,0.012299491540005697,0.01752677544450812,0.01208743134104008,0.014605646203756761,0.012982796625561569,0.01208743134104008,0.02417486268208016,0.023369033926010824,0.01593343222228011,0.025297787179166406,0.015240674299572276,0.019474194938342355,0.018777821584762395,0.028042840711212987,0.010463746534034694,0.6596059237574677,0.03739173645681,0.008874316680763602,0.012982796625561569,0.01630397715768197,0.0024772827483403696
267,0.007853020562488208,0.012817382821356676,0.010534835195635625,0.015380859385628007,0.013982599441480007,0.724180568809516,0.01240391885937743,0.015079273907478442,0.021362304702261123,0.005739126636428362,0.024807837718754853,0.017089843761808898,0.01220703125843493,0.027465820331478586,0.005961573405282175,0.006805689993640712,0.013732910165739295,0.006214668790369019,0.02261891086121766,0.020237972875826325,0.0035238505157977086
268,0.011291130218450572,0.017233830333424557,0.020465173520941658,0.02847328489870144,0.01679193724795213,0.02847328489870144,0.015229896573724026,0.03274427763350666,0.038522679568831354,0.008395968623976065,0.025187905871928203,0.023388769738219045,0.007441881280342422,0.04365903684467555,0.00789018738156787,0.6130309475351532,0.009095632675974073,0.01637213881675333,0.018711015790575235,0.012319685444422879,0.005281335102178493
269,0.010398423466357118,0.026204027135219944,0.025196179937711484,0.031195270399071363,0.025196179937711484,0.011492994357552607,0.02183668927934995,0.036394482132249925,0.031195270399071363,0.009494212730152152,0.028482638190456464,0.024262988088166616,0.6134945130874213,0.010381191166668025,0.010739355383286863,0.010235948099695292,0.009354348114087085,0.01284511134079409,0.026204027135219944,0.01819724106612496,0.0071989085536318526
270,0.015333413434517334,0.023000120151776007,0.05257170320405944,0.017523901068019813,0.02675473757367219,0.006814850415341038,0.03066682686903467,0.3443524489116914,0.01314292580101486,0.0213243205413922,0.015333413434517334,0.012689721463048831,0.009435946728933746,0.0334547202207651,0.006690944044153019,0.007510243314865634,0.006814850415341038,0.29478808719879207,0.010823585953776941,0.046000240303552015,0.004972998951735353
271,0.012512105400270083,0.01058716610792084,0.0516124347761141,0.01876815810040513,0.011469429950247577,0.008785095281040697,0.014237913041686649,0.031870243142567624,0.02580621738805705,0.3868236265365042,0.024288204600524287,0.04128994782089128,0.05421512327029527,0.062947284095814,0.007940374580940629,0.007940374580940629,0.014746409936032597,0.17310503126348847,0.01795215122647447,0.017204144925371367,0.005898563974413041
272,0.02090095347836485,0.02575162883448153,0.36167975383068474,0.03098907231560463,0.010729845347700634,0.06534431060109687,0.022722025442189583,0.024142152032326426,0.04828430406465285,0.012875814417240766,0.03218953604310191,0.07472480308491052,0.024142152032326426,0.03511585750156572,0.010165116645190075,0.06074339604649784,0.02575162883448153,0.013795515447043674,0.04828430406465285,0.039596753919723435,0.012071076016163213
273,0.047561984059273615,0.009904627881243074,0.007751447907059798,0.010487253050727962,0.024913420221524273,0.032031540284816924,0.08408279324764441,0.006857050071629822,0.16683175725776211,0.034984802864268125,0.03487878831013398,0.006367260780799119,0.11211039099685921,0.1295497851519262,0.08217432224710512,0.058724490522164344,0.02920388133977901,0.09834244824285895,0.01485694182186461,0.005942776728745846,0.0024422370118133614
274,0.05818819147868811,0.07508981384616416,0.004221356110384783,0.0025872827773326086,0.04396716440089095,0.04143300585798647,0.03802788057234917,0.12014302928077343,0.003341906920721286,0.11285693589213301,0.1329582857373893,0.06142965323225633,0.0016368523693328749,0.13101913508934876,0.029834965674953723,0.040399657081720323,0.05550607952771733,0.026912038558893257,0.016868562221303163,0.002970583929530032,0.000607619440131143
275,0.1274601541745481,0.06792629615474888,0.015188488581186078,0.15819392817008918,0.01095485730245699,0.19503862777098685,0.10407114437334145,0.01892202624969844,0.007177320301609753,0.0029315815316434206,0.008005472644103185,0.03742877543220856,0.006714267378925252,0.018386065124593676,0.014031251187684403,0.15526010549656885,0.008005472644103185,0.0043607647710829115,0.017345190728890236,0.020814228874668283,0.0017839811068624295
276,0.060127800658332786,0.11495020714093034,0.018789937705729003,0.011949734633184895,0.00874370826818407,0.016339535059296157,0.03340433369907378,0.011274790212088923,0.09588577445051447,0.05278394714281122,0.024541959452380732,0.10856408452198978,0.006289334017465734,0.02684276815104143,0.3368943300181763,0.042610252435038985,0.005271941749934512,0.004779893853273957,0.009434001026198603,0.008147546340807884,0.0023741194635466677
277,0.006644122106318613,0.21874657169568837,0.02372900752256648,0.011588585069160372,0.02076288158224567,0.0124577289493474,0.02768384210966089,0.04640078793544905,0.012777157896766566,0.005194550313684746,0.012153881901802345,0.02372900752256648,0.009402059584413132,0.015100277514360485,0.007666294738059938,0.007221871854694146,0.016704283656761656,0.4674241878014522,0.02622679778809979,0.02372900752256648,0.004657094934335478
278,0.011237551737555258,0.03467805022903447,0.01708107864108399,0.03284822815593075,0.013775063420229026,0.008896395125564581,0.013775063420229026,0.4005346050507511,0.01154126935208378,0.3495887907842564,0.012225527679667966,0.01334459268834687,0.009489488133935551,0.012559616647855877,0.004186538882618626,0.007237745186899996,0.00762548153619821,0.010167308714930948,0.01525096307239642,0.010949409385310253,0.0030072321551204216
279,0.009182351555815127,0.019736171753614466,0.02831711599431641,0.03256468339346387,0.021709788928975918,0.6111849748451048,0.026051746714771094,0.02412198769886213,0.021709788928975918,0.007753496046062826,0.036182981548293185,0.027137236161219894,0.013291707507536275,0.01915569611380228,0.00785364370468876,0.008683915571590364,0.015146364369052964,0.012106189067142434,0.021709788928975918,0.03256468339346387,0.003835687774271519
280,0.009285053834088243,0.017464744116499314,0.030563302203873804,0.021574095673322687,0.011643162744332875,0.01094804855064136,0.03427713610243816,0.019861775840752504,0.014670385057859423,0.6901311873140654,0.01667089211120389,0.01667089211120389,0.005686195758860241,0.012432529710050358,0.00559938360987001,0.005433475947355342,0.010187767401291266,0.026390671747051626,0.018808185971614644,0.017058587276580724,0.004642526917044121
281,0.012603924656731536,0.015492324057232512,0.017705513208265734,0.022534289537792747,0.014300606822060781,0.014581010877395306,0.01729375708714327,0.018590788868679018,0.017705513208265734,0.0064663613456274836,0.017705513208265734,0.015492324057232512,0.011994057334631622,0.014030784051833218,0.007910973986671921,0.0060953406126816444,0.012190681225363289,0.008355410727496185,0.04567220201331144,0.6994845845686901,0.0037940385446283706
282,0.010770016776185656,0.038271065279457,0.10132319603542345,0.030409459132759494,0.030409459132759494,0.48285661641710753,0.039766215788993184,0.025848040262845567,0.021540033552371305,0.009753977457677575,0.028720044736495073,0.01914669649099672,0.010999166069295989,0.0469964368415374,0.011488017894598032,0.00848518164023689,0.01055022051544717,0.007661411862406009,0.03231005032855695,0.024617181202710066,0.008077512582139242
283,0.013099152821637424,0.014334921955754164,0.019993443780393968,0.03453413016613503,0.013813652066454013,0.01899377159137427,0.015505119666427971,0.009866894333181437,0.011339565129178667,0.008169364125322265,0.018089306277499304,0.7140223762371033,0.009996721890196982,0.02053380712581002,0.00853652655792102,0.006493597125256161,0.007752559833213986,0.012254046187983397,0.027133959416248955,0.011339565129178667,0.0041975185837291205
284,0.01099211572122304,0.027938294124775227,0.041907441187162844,0.014266362957332029,0.023121346861882944,0.629949928690783,0.02578919457671559,0.022350635299820176,0.019157687399845864,0.007796733244123318,0.01972114879395898,0.023121346861882944,0.01812213672958393,0.01812213672958393,0.02493505804438802,0.009061068364791964,0.012417019611011212,0.007579081020392429,0.009982037527808366,0.027938294124775227,0.00573093212815902
285,0.009220383075619523,0.01602590391714822,0.021712514984523396,0.035425682343169757,0.011690656028454963,0.008520100816711711,0.02103399889125704,0.014654920577182285,0.03365439822601127,0.007648726869548015,0.032051807834296446,0.026923518580809012,0.01869688790333959,0.022436265484007508,0.008520100816711711,0.01051699944562852,0.013736489071841333,0.6315561111622511,0.01869688790333959,0.029264694109575013,0.00801295195857411
286,0.022559324831884428,0.017661231993274094,0.013353614433938954,0.010528811380605713,0.012166626484255491,0.005763138860963126,0.016590854296712036,0.27033720786803733,0.015208283105319364,0.0034464449798924292,0.010965444561220398,0.011902134604162977,0.007821402739878528,0.012732516088174349,0.006221570361267012,0.005824448848845714,0.006221570361267012,0.5148125238282752,0.013353614433938954,0.018879247992810242,0.0036499879452766464
287,0.04661175513465066,0.0791761320095436,0.001712493652964176,0.0020296221072168014,0.00753659638377464,0.06046480207460938,0.019023408803182887,0.051220858892048554,0.013791971382307594,0.035881551563727083,0.0658949743821363,0.09028545051829803,0.035756962843019685,0.11408173859439619,0.08008241447791507,0.05499195620324647,0.10314037459080126,0.03453352622337401,0.06088347727324974,0.04256781290835677,0.0003321199811809312
288,0.14520095798484706,0.005619627681986746,0.004370821530434135,0.0046279286792832025,0.0036592924440843923,0.1431558740695675,0.039600261268594644,0.0036592924440843923,0.14766763175961445,0.0019668696886953603,0.0035761267067188377,0.0034157286436441573,0.17124437305338228,0.02719700837838995,0.10802509479045694,0.1640010820214526,0.010645296404681056,0.0023485011208302813,0.005425847417090651,0.0037464184546578305,0.000845965457503381
289,0.008648468139071195,0.02296317402443041,0.045323672420228306,0.020810376459640064,0.013590449932826163,0.07257906500991293,0.007238391812048717,0.009388614173086673,0.01074083946304003,0.006223663987929735,0.020179758991166124,0.626590786420634,0.008221383292697308,0.03329660233542409,0.007482382547286314,0.02990962815095821,0.006465359676781377,0.008221383292697308,0.02663728186833928,0.009939284279231072,0.0055494337225706816
290,0.009225446496463462,0.01444739734351825,0.015013961945224849,0.01320193205528392,0.01562677671849933,0.7210549352399399,0.023203395733529315,0.021269779422401873,0.0170158235379215,0.00612569647365174,0.02734685925737383,0.02187748740589907,0.010938743702949531,0.01867590388308457,0.0052496685566441785,0.006961018720058796,0.00969255771147427,0.007262305518851836,0.014725231907816678,0.01823123950491589,0.002853838864497318
291,0.09587682535534063,0.042021373216424164,0.013422755549747692,0.07190761901650551,0.0034170630817425634,0.024405010090450346,0.0070139715888399975,0.003935835982968371,0.0030287604588172716,0.0017534928972099994,0.035154835963624904,0.009726634456338909,0.002050237849045538,0.46716453138827757,0.0021781308074239124,0.12499979104314882,0.07989735446278388,0.0014973647212130337,0.004595360696136551,0.004935757784739259,0.0010172935892210685
292,0.008448803609187386,0.018024114366266424,0.010013396870148013,0.015020095305222018,0.5413081396603022,0.008448803609187386,0.013567167595191667,0.011265071478916516,0.012289168886090742,0.004096389628696915,0.015020095305222018,0.008192779257393831,0.004743187991122742,0.010814468619759855,0.00693235167933324,0.0038623102213428046,0.006287481755674334,0.007307073391729631,0.038623102213428046,0.25340529411187046,0.002330704443913762
293,0.006539234658151471,0.011443660651765074,0.01525821420235343,0.01907276775294179,0.006401388282099009,0.005944758780137702,0.022887321303530148,0.33997917358124435,0.018309857042824115,0.003752019885824614,0.017605631771946264,0.016953571335948256,0.007383006872106499,0.015784359519675963,0.005721830325882538,0.004444140058937893,0.010172142801568954,0.42985704162346083,0.01990201852480882,0.018309857042824115,0.0042780039819682505
294,0.016726167956138672,0.01553144167355734,0.03837179707584755,0.016726167956138672,0.018120015285816894,0.04117130457914564,0.03106288334711468,0.0075913940036060135,0.019767289402709342,0.00869760733719211,0.018637730008268807,0.01980993806969569,0.014180881528030613,0.027180022928725348,0.006100504330644352,0.6121954284647079,0.00869760733719211,0.016726167956138672,0.028361763056061227,0.029650934104064018,0.004692953599204376
295,0.653434674715873,0.015808042411612336,0.013319575323342664,0.02318512887036476,0.02173605831596696,0.00675295015641692,0.023984616072791135,0.049682419007924486,0.01738884665277357,0.008482364220865155,0.03161608482322467,0.026752071773497796,0.006886671941692503,0.022437221487449765,0.009660470362651982,0.006738529465119609,0.007107768667949551,0.006381228129458191,0.01656080633597483,0.025761254300405288,0.006323216964644934
296,0.012186885338739576,0.021123934587148605,0.026404918233935752,0.03335358092707674,0.02880536534611173,0.01624918045165277,0.020442517342401875,0.5939310617346104,0.01712751453012049,0.013202459116967876,0.01924525100344366,0.030177049410212285,0.013202459116967876,0.024373770677479152,0.007823679476721704,0.009601788448703909,0.014402682673055864,0.0348204872268632,0.021852346124636483,0.03520655764524767,0.006466510587902634
297,0.03326794200799864,0.014526239595455575,0.016342019544887516,0.03268403908977503,0.010600228893981094,0.008526271066897835,0.023071086416311795,0.0770145035730451,0.024513029317331278,0.009121127187844197,0.0140074453241893,0.03750036069836638,0.009566060221397572,0.01867659376558574,0.005767771604077947,0.24959616897217718,0.3671956730538094,0.011205956259351443,0.015084941118357707,0.015084941118357707,0.006647601170801702
298,0.021228233276398216,0.019941673683889233,0.0470053736834532,0.024373156724753507,0.0387103077393144,0.016451880789208617,0.006999128642881514,0.02531058582955172,0.013246136006974772,0.0048387884674143,0.021228233276398216,0.029912510525833855,0.009139933771782566,0.6182464748817373,0.013453372967040324,0.012903435913104796,0.010614116638199108,0.013430106766700912,0.028611966589928036,0.020564850986510768,0.0037897328389244257
299,0.00789287356060401,0.04399365562519659,0.01207145368092378,0.010434646402154453,0.015015710676271042,0.5796015391849664,0.0795269928609323,0.029538597348346282,0.045611069434946465,0.007329096877703722,0.014658193755407445,0.01865588296142766,0.010614554098743323,0.016639030749381424,0.018550416239201874,0.023077029178395533,0.007600544910211267,0.006149282486272155,0.032995241718897436,0.017589832506488934,0.0024543557435277386
300,0.005793591792345673,0.04138027084057129,0.01218652066665814,0.006544612950612704,0.007362689569439292,0.003883616476187759,0.12356608653781707,0.04827698264733319,0.33287631025365616,0.002309863394333896,0.004530885888885719,0.0035260002243019703,0.005121871004827334,0.05295689423049303,0.27389331453175075,0.014722767757697354,0.021596111645813494,0.009267456490336282,0.020219905069824615,0.008619734130075269,0.001364513897038942
301,0.04829629965114476,0.12015176986382355,0.01190929701633143,0.00885563111470799,0.15696297386622043,0.0041115430175429945,0.010465745862836714,0.07848148693311022,0.0297054021536385,0.014204794015042576,0.0038975400116286665,0.011512320449120384,0.03512458156446891,0.008423649109112478,0.32483511983978675,0.002416075009212227,0.005083821015909975,0.07058689949013464,0.004211824554556239,0.04829629965114476,0.002466925810525797
302,0.03488812994534099,0.06075407648882508,0.03320069371180486,0.047586311306585326,0.02401428023375856,0.02286218266167095,0.020609956982229564,0.09170885620134955,0.026759869593293146,0.04913613733364435,0.1304479420105403,0.021346026874452053,0.013899738429875758,0.08423026820729729,0.020964847823122544,0.055126632510720835,0.033108123315476655,0.11321017824486176,0.03059597185338128,0.08538410749780818,0.00016566877396095324
303,0.09483605224311557,0.06336317222933513,0.05562272108979633,0.10308391572186679,0.02304115353794004,0.00723263458833294,0.057602883844850114,0.08507502844777863,0.005039723158501967,0.05074231565658708,0.032641634178748394,0.03840192256323341,0.10218250699434282,0.035726054166279185,0.014662552251416397,0.07552378104102572,0.036380768744115874,0.029370861982841907,0.04962709992787087,0.03949912035075437,0.00034409728126654355
304,0.03656947523297958,0.05118580154083193,0.03299839954850638,0.06616486309771598,0.05080094589014897,0.07081252241038324,0.02222541382694018,0.061737260630389375,0.008216583809625292,0.09903956336917201,0.11684217554734262,0.03333812074041027,0.04938980850431149,0.052962688268453184,0.012964824732381768,0.04730023968297525,0.04090310901483826,0.050983028133482836,0.07243838580632356,0.022795296232759152,0.0003314939800286213
305,0.054024885976075035,0.034958104914381144,0.06754231061132057,0.0828077368902118,0.033303111575411264,0.03257865364397517,0.030433032097469143,0.01042528967370287,0.033078090551253075,0.0674708708656981,0.08784820783135514,0.03435975199080764,0.03915737755929527,0.06793678225019266,0.025652396754033004,0.06408202280578815,0.056180760949833895,0.04181299757993896,0.024587663127528425,0.11123797939074928,0.0005219729609794288
306,0.11434465121289651,0.10977086516438063,0.00802047511064801,0.025987420730203745,0.07775436282476961,0.02242051984566598,0.060745595956851244,0.04677735731436674,0.037162011644191355,0.041822765117963734,0.09929930236909432,0.025012892452821105,0.12786546491104278,0.013138253242972913,0.012094145801364049,0.05869568145101978,0.03937187745726939,0.058079822838296644,0.010394968292081499,0.009943013148947523,0.0012985531131525347
307,0.05139878821802771,0.12755032487714135,0.010101002077521343,0.012123483575855605,0.012163173614270705,0.03943103775155046,0.037205182383609335,0.0547426013882247,0.018912634378334743,0.05723930064235709,0.07149898362541186,0.04052707366786017,0.036643229108023576,0.05516185027014302,0.012469868820880053,0.05898494880371727,0.15316570095130252,0.10565752953023144,0.006304211459444915,0.037468426598587706,0.001250648257504285
308,0.05466105946995132,0.03361173409678371,0.0768837484728278,0.044915784570166116,0.0460960924755891,0.01840111452195864,0.14544714027335495,0.04789672108791679,0.005311810456744612,0.03186890343991344,0.039600733990392455,0.16922777427858932,0.05854947229762325,0.05512324391872529,0.01967516142250754,0.04781875572532117,0.04079769104161334,0.03619725210422862,0.0013716835268323551,0.026217152595491306,0.00032697023346902465
