site,wildtype,mutant,mutation,effect,log2effect
207,L,A,L207A,0.0050513,-7.6291
207,L,C,L207C,0.065888,-3.9238
207,L,D,L207D,0.0082361,-6.9238
207,L,E,L207E,0.0066214,-7.2386
207,L,F,L207F,0.0059697,-7.3881
207,L,G,L207G,0.0038366,-8.026
207,L,H,L207H,0.0079991,-6.966
207,L,I,L207I,0.14295,-2.8065
207,L,K,L207K,0.006177,-7.3389
207,L,L,L207L,1,0
207,L,M,L207M,0.0075695,-7.0456
207,L,N,L207N,0.0075991,-7.04
207,L,P,L207P,0.0042069,-7.893
207,L,Q,L207Q,0.0060289,-7.3739
207,L,R,L207R,0.0026812,-8.5429
207,L,S,L207S,0.0029774,-8.3917
207,L,T,L207T,0.019909,-5.6505
207,L,V,L207V,0.16317,-2.6156
207,L,W,L207W,0.0067548,-7.2099
207,L,Y,L207Y,0.0076732,-7.026
208,V,A,V208A,0.12223,-3.0323
208,V,C,V208C,0.73468,-0.44481
208,V,D,V208D,0.0065132,-7.2624
208,V,E,V208E,0.0045271,-7.7872
208,V,F,V208F,0.0045563,-7.7779
208,V,G,V208G,0.0021321,-8.8735
208,V,H,V208H,0.0058707,-7.4123
208,V,I,V208I,0.41077,-1.2836
208,V,K,V208K,0.0050237,-7.637
208,V,L,V208L,0.3351,-1.5774
208,V,M,V208M,0.20317,-2.2993
208,V,N,V208N,0.0054326,-7.5242
208,V,P,V208P,0.0027747,-8.4935
208,V,Q,V208Q,0.0049652,-7.6539
208,V,R,V208R,0.0017232,-9.1807
208,V,S,V208S,0.0018985,-9.0409
208,V,T,V208T,0.059963,-4.0598
208,V,V,V208V,1,0
208,V,W,V208W,0.0043519,-7.8441
208,V,Y,V208Y,0.0050821,-7.6204
209,S,A,S209A,0.46926,-1.0915
209,S,C,S209C,0.6252,-0.67761
209,S,D,S209D,0.020302,-5.6222
209,S,E,S209E,0.013221,-6.241
209,S,F,S209F,0.019664,-5.6683
209,S,G,S209G,0.010369,-6.5916
209,S,H,S209H,0.011879,-6.3954
209,S,I,S209I,0.022517,-5.4729
209,S,K,S209K,0.0094966,-6.7184
209,S,L,S209L,0.0070134,-7.1557
209,S,M,S209M,0.013188,-6.2446
209,S,N,S209N,0.018456,-5.7597
209,S,P,S209P,0.015336,-6.027
209,S,Q,S209Q,0.0094631,-6.7235
209,S,R,S209R,0.0057383,-7.4452
209,S,S,S209S,1,0
209,S,T,S209T,0.9749,-0.036675
209,S,V,S209V,0.06302,-3.988
209,S,W,S209W,0.028725,-5.1216
209,S,Y,S209Y,0.017953,-5.7996
210,Y,A,Y210A,0.0064088,-7.2857
210,Y,C,Y210C,0.016133,-5.9539
210,Y,D,Y210D,0.015621,-6.0004
210,Y,E,Y210E,0.0086304,-6.8564
210,Y,F,Y210F,0.010073,-6.6334
210,Y,G,Y210G,0.0056179,-7.4758
210,Y,H,Y210H,0.017447,-5.8409
210,Y,I,Y210I,0.0084211,-6.8918
210,Y,K,Y210K,0.0073044,-7.097
210,Y,L,Y210L,0.0038151,-8.0341
210,Y,M,Y210M,0.0087002,-6.8447
210,Y,N,Y210N,0.0096191,-6.6999
210,Y,P,Y210P,0.0062227,-7.3282
210,Y,Q,Y210Q,0.010747,-6.5399
210,Y,R,Y210R,0.0047921,-7.7051
210,Y,S,Y210S,0.0033265,-8.2318
210,Y,T,Y210T,0.0044897,-7.7992
210,Y,V,Y210V,0.005362,-7.543
210,Y,W,Y210W,0.010387,-6.5891
210,Y,Y,Y210Y,1,0
211,C,A,C211A,1.604,0.68165
211,C,C,C211C,1,0
211,C,D,C211D,0.24331,-2.0391
211,C,E,C211E,0.11905,-3.0703
211,C,F,C211F,0.13069,-2.9358
211,C,G,C211G,1.0547,0.076774
211,C,H,C211H,0.41957,-1.253
211,C,I,C211I,0.18534,-2.4317
211,C,K,C211K,0.028463,-5.1348
211,C,L,C211L,0.32596,-1.6172
211,C,M,C211M,0.69277,-0.52956
211,C,N,C211N,1.4665,0.55235
211,C,P,C211P,0.0092671,-6.7537
211,C,Q,C211Q,0.52993,-0.91613
211,C,R,C211R,0.073664,-3.7629
211,C,S,C211S,0.62988,-0.66685
211,C,T,C211T,0.15991,-2.6447
211,C,V,C211V,0.61229,-0.70771
211,C,W,C211W,0.058723,-4.0899
211,C,Y,C211Y,0.11225,-3.1553
212,G,A,G212A,0.0046826,-7.7385
212,G,C,G212C,0.0098381,-6.6674
212,G,D,G212D,0.016551,-5.917
212,G,E,G212E,0.0089385,-6.8058
212,G,F,G212F,0.011407,-6.454
212,G,G,G212G,1,0
212,G,H,G212H,0.013667,-6.1931
212,G,I,G212I,0.011568,-6.4337
212,G,K,G212K,0.0067817,-7.2041
212,G,L,G212L,0.0041521,-7.912
212,G,M,G212M,0.0087193,-6.8416
212,G,N,G212N,0.011718,-6.4151
212,G,P,G212P,0.0053861,-7.5365
212,G,Q,G212Q,0.0072546,-7.1069
212,G,R,G212R,0.0035754,-8.1277
212,G,S,G212S,0.0037369,-8.064
212,G,T,G212T,0.0042905,-7.8647
212,G,V,G212V,0.0039675,-7.9775
212,G,W,G212W,0.00534,-7.5489
212,G,Y,G212Y,0.011787,-6.4066
213,P,A,P213A,0.45922,-1.1227
213,P,C,P213C,0.27679,-1.8531
213,P,D,P213D,0.0098727,-6.6623
213,P,E,P213E,0.0076549,-7.0294
213,P,F,P213F,0.21498,-2.2177
213,P,G,P213G,2.9233,1.5476
213,P,H,P213H,0.30333,-1.721
213,P,I,P213I,0.011232,-6.4762
213,P,K,P213K,0.10216,-3.2911
213,P,L,P213L,0.13328,-2.9075
213,P,M,P213M,0.11575,-3.1109
213,P,N,P213N,0.17027,-2.5541
213,P,P,P213P,1,0
213,P,Q,P213Q,0.076692,-3.7048
213,P,R,P213R,0.21748,-2.201
213,P,S,P213S,0.22693,-2.1397
213,P,T,P213T,0.19259,-2.3764
213,P,V,P213V,0.020962,-5.5761
213,P,W,P213W,0.072042,-3.795
213,P,Y,P213Y,0.61947,-0.69089
214,W,A,W214A,0.0034159,-8.1935
214,W,C,W214C,0.0039507,-7.9837
214,W,D,W214D,0.0068646,-7.1866
214,W,E,W214E,0.0055768,-7.4863
214,W,F,W214F,0.0066245,-7.238
214,W,G,W214G,0.007454,-7.0678
214,W,H,W214H,0.0067773,-7.2051
214,W,I,W214I,0.0064718,-7.2716
214,W,K,W214K,0.0043436,-7.8469
214,W,L,W214L,0.0023792,-8.7153
214,W,M,W214M,0.0046928,-7.7353
214,W,N,W214N,0.0063844,-7.2912
214,W,P,W214P,0.0038088,-8.0364
214,W,Q,W214Q,0.0051949,-7.5887
214,W,R,W214R,0.0017462,-9.1616
214,W,S,W214S,0.0019754,-8.9837
214,W,T,W214T,0.0027066,-8.5293
214,W,V,W214V,0.0033177,-8.2356
214,W,W,W214W,1,0
214,W,Y,W214Y,0.0076832,-7.0241
215,K,A,K215A,0.038018,-4.7172
215,K,C,K215C,0.057817,-4.1124
215,K,D,K215D,0.016368,-5.933
215,K,E,K215E,0.0082791,-6.9163
215,K,F,K215F,0.010948,-6.5132
215,K,G,K215G,0.047251,-4.4035
215,K,H,K215H,0.011275,-6.4708
215,K,I,K215I,0.010267,-6.6058
215,K,K,K215K,1,0
215,K,L,K215L,0.010458,-6.5793
215,K,M,K215M,0.16436,-2.6051
215,K,N,K215N,0.0073804,-7.0821
215,K,P,K215P,0.0048204,-7.6966
215,K,Q,K215Q,0.1329,-2.9116
215,K,R,K215R,1.0477,0.067282
215,K,S,K215S,0.071897,-3.7979
215,K,T,K215T,0.033416,-4.9033
215,K,V,K215V,0.028732,-5.1212
215,K,W,K215W,0.009205,-6.7634
215,K,Y,K215Y,0.012255,-6.3505
216,L,A,L216A,0.0097894,-6.6746
216,L,C,L216C,0.43095,-1.2144
216,L,D,L216D,0.012326,-6.3421
216,L,E,L216E,0.0084251,-6.8911
216,L,F,L216F,0.0062709,-7.3171
216,L,G,L216G,0.004787,-7.7067
216,L,H,L216H,0.011728,-6.4139
216,L,I,L216I,0.013739,-6.1856
216,L,K,L216K,0.008473,-6.8829
216,L,L,L216L,1,0
216,L,M,L216M,0.82614,-0.27555
216,L,N,L216N,0.011848,-6.3992
216,L,P,L216P,0.0065582,-7.2525
216,L,Q,L216Q,0.010196,-6.6158
216,L,R,L216R,0.003686,-8.0837
216,L,S,L216S,0.002944,-8.408
216,L,T,L216T,0.0065582,-7.2525
216,L,V,L216V,0.0046673,-7.7432
216,L,W,L216W,0.005864,-7.4139
216,L,Y,L216Y,0.0085687,-6.8667
217,D,A,D217A,0.043152,-4.5344
217,D,C,D217C,0.016998,-5.8785
217,D,D,D217D,1,0
217,D,E,D217E,0.59135,-0.75792
217,D,F,D217F,0.061193,-4.0305
217,D,G,D217G,0.019332,-5.6928
217,D,H,D217H,0.059515,-4.0706
217,D,I,D217I,0.018131,-5.7854
217,D,K,D217K,0.017723,-5.8182
217,D,L,D217L,0.0097455,-6.6811
217,D,M,D217M,0.029508,-5.0827
217,D,N,D217N,0.015661,-5.9967
217,D,P,D217P,0.0096775,-6.6912
217,D,Q,D217Q,0.033928,-4.8814
217,D,R,D217R,0.017904,-5.8035
217,D,S,D217S,0.067244,-3.8945
217,D,T,D217T,0.016998,-5.8785
217,D,V,D217V,0.0078417,-6.9946
217,D,W,D217W,0.21986,-2.1853
217,D,Y,D217Y,0.010675,-6.5497
218,A,A,A218A,1,0
218,A,C,A218C,0.065346,-3.9358
218,A,D,A218D,0.016363,-5.9334
218,A,E,A218E,0.0089079,-6.8107
218,A,F,A218F,0.012656,-6.304
218,A,G,A218G,0.081729,-3.613
218,A,H,A218H,0.083814,-3.5767
218,A,I,A218I,0.014573,-6.1006
218,A,K,A218K,0.013562,-6.2043
218,A,L,A218L,0.0045066,-7.7937
218,A,M,A218M,0.013499,-6.211
218,A,N,A218N,0.010361,-6.5927
218,A,P,A218P,0.0072232,-7.1131
218,A,Q,A218Q,0.039928,-4.6465
218,A,R,A218R,0.034389,-4.8619
218,A,S,A218S,0.26006,-1.9431
218,A,T,A218T,0.30542,-1.7112
218,A,V,A218V,0.080171,-3.6408
218,A,W,A218W,0.016194,-5.9484
218,A,Y,A218Y,0.037169,-4.7498
219,A,A,A219A,1,0
219,A,C,A219C,2.1421,1.099
219,A,D,A219D,0.40804,-1.2932
219,A,E,A219E,1.8731,0.90543
219,A,F,A219F,1.2136,0.27927
219,A,G,A219G,0.075148,-3.7341
219,A,H,A219H,1.4258,0.51181
219,A,I,A219I,3.0036,1.5867
219,A,K,A219K,1.8494,0.88704
219,A,L,A219L,2.5788,1.3667
219,A,M,A219M,3.1203,1.6417
219,A,N,A219N,2.0313,1.0224
219,A,P,A219P,0.0062624,-7.3191
219,A,Q,A219Q,2.9229,1.5474
219,A,R,A219R,2.2838,1.1914
219,A,S,A219S,0.90442,-0.14494
219,A,T,A219T,1.854,0.89063
219,A,V,A219V,2.5353,1.3421
219,A,W,A219W,1.1187,0.16177
219,A,Y,A219Y,0.61305,-0.70592
220,W,A,W220A,0.011236,-6.4758
220,W,C,W220C,0.009101,-6.7798
220,W,D,W220D,0.012885,-6.2781
220,W,E,W220E,0.029673,-5.0747
220,W,F,W220F,0.013331,-6.2291
220,W,G,W220G,0.0065082,-7.2635
220,W,H,W220H,0.013671,-6.1927
220,W,I,W220I,0.014706,-6.0875
220,W,K,W220K,0.011249,-6.4741
220,W,L,W220L,0.0039023,-8.0015
220,W,M,W220M,0.013501,-6.2108
220,W,N,W220N,0.010725,-6.5429
220,W,P,W220P,0.010136,-6.6244
220,W,Q,W220Q,0.016225,-5.9457
220,W,R,W220R,0.0081058,-6.9468
220,W,S,W220S,0.0053559,-7.5447
220,W,T,W220T,0.0068225,-7.1955
220,W,V,W220V,0.0080796,-6.9515
220,W,W,W220W,1,0
220,W,Y,W220Y,0.1043,-3.2612
221,D,A,D221A,0.011533,-6.4381
221,D,C,D221C,0.026432,-5.2416
221,D,D,D221D,1,0
221,D,E,D221E,0.014659,-6.092
221,D,F,D221F,0.016961,-5.8817
221,D,G,D221G,0.012571,-6.3138
221,D,H,D221H,0.013795,-6.1797
221,D,I,D221I,0.018544,-5.7529
221,D,K,D221K,0.029478,-5.0842
221,D,L,D221L,0.010469,-6.5777
221,D,M,D221M,0.026804,-5.2214
221,D,N,D221N,0.013861,-6.1728
221,D,P,D221P,0.011001,-6.5062
221,D,Q,D221Q,0.037779,-4.7263
221,D,R,D221R,0.0093782,-6.7365
221,D,S,D221S,0.0073031,-7.0973
221,D,T,D221T,0.011121,-6.4906
221,D,V,D221V,0.0091122,-6.778
221,D,W,D221W,0.040639,-4.621
221,D,Y,D221Y,0.0088195,-6.8251
222,G,A,G222A,0.0092744,-6.7525
222,G,C,G222C,0.077378,-3.6919
222,G,D,G222D,0.016458,-5.9251
222,G,E,G222E,0.041917,-4.5763
222,G,F,G222F,1.4687,0.55456
222,G,G,G222G,1,0
222,G,H,G222H,1.24,0.31029
222,G,I,G222I,0.02164,-5.5301
222,G,K,G222K,0.32433,-1.6245
222,G,L,G222L,0.043826,-4.5121
222,G,M,G222M,2.2311,1.1578
222,G,N,G222N,0.45554,-1.1344
222,G,P,G222P,0.015003,-6.0586
222,G,Q,G222Q,0.53473,-0.90311
222,G,R,G222R,0.17485,-2.5158
222,G,S,G222S,0.31142,-1.6831
222,G,T,G222T,0.26769,-1.9014
222,G,V,G222V,0.0067285,-7.2155
222,G,W,G222W,0.014912,-6.0674
222,G,Y,G222Y,0.83688,-0.25691
223,L,A,L223A,0.96335,-0.053862
223,L,C,L223C,1.4631,0.54903
223,L,D,L223D,0.39739,-1.3314
223,L,E,L223E,0.59329,-0.75319
223,L,F,L223F,1.0558,0.078304
223,L,G,L223G,0.35963,-1.4754
223,L,H,L223H,0.85242,-0.23036
223,L,I,L223I,0.68894,-0.53754
223,L,K,L223K,0.021366,-5.5485
223,L,L,L223L,1,0
223,L,M,L223M,0.76124,-0.39357
223,L,N,L223N,0.33056,-1.597
223,L,P,L223P,0.016149,-5.9524
223,L,Q,L223Q,0.35627,-1.4889
223,L,R,L223R,0.0070807,-7.1419
223,L,S,L223S,0.4995,-1.0014
223,L,T,L223T,0.77888,-0.36052
223,L,V,L223V,0.67342,-0.57043
223,L,W,L223W,0.77143,-0.3744
223,L,Y,L223Y,0.83255,-0.2644
224,S,A,S224A,0.052734,-4.2451
224,S,C,S224C,0.014222,-6.1358
224,S,D,S224D,0.02361,-5.4045
224,S,E,S224E,0.11789,-3.0844
224,S,F,S224F,0.020139,-5.6338
224,S,G,S224G,0.093881,-3.413
224,S,H,S224H,0.039009,-4.6801
224,S,I,S224I,0.010101,-6.6294
224,S,K,S224K,0.020108,-5.6361
224,S,L,S224L,0.0070023,-7.158
224,S,M,S224M,0.020201,-5.6294
224,S,N,S224N,0.94163,-0.086773
224,S,P,S224P,0.012332,-6.3415
224,S,Q,S224Q,0.1873,-2.4166
224,S,R,S224R,0.0059179,-7.4007
224,S,S,S224S,1,0
224,S,T,S224T,0.48582,-1.0415
224,S,V,S224V,0.0092951,-6.7493
224,S,W,S224W,0.018528,-5.7541
224,S,Y,S224Y,0.018652,-5.7445
225,E,A,E225A,0.048167,-4.3758
225,E,C,E225C,0.095741,-3.3847
225,E,D,E225D,0.012809,-6.2867
225,E,E,E225E,1,0
225,E,F,E225F,0.017257,-5.8566
225,E,G,E225G,0.0095257,-6.714
225,E,H,E225H,0.11695,-3.0961
225,E,I,E225I,0.016432,-5.9273
225,E,K,E225K,0.040291,-4.6334
225,E,L,E225L,0.0055073,-7.5044
225,E,M,E225M,0.014836,-6.0748
225,E,N,E225N,0.025187,-5.3112
225,E,P,E225P,0.055647,-4.1675
225,E,Q,E225Q,0.13289,-2.9117
225,E,R,E225R,0.0078035,-7.0017
225,E,S,E225S,0.045565,-4.4559
225,E,T,E225T,0.016343,-5.9352
225,E,V,E225V,0.053782,-4.2167
225,E,W,E225W,0.022406,-5.48
225,E,Y,E225Y,0.056795,-4.1381
226,V,A,V226A,0.024508,-5.3506
226,V,C,V226C,0.023461,-5.4136
226,V,D,V226D,0.020305,-5.6221
226,V,E,V226E,0.023519,-5.41
226,V,F,V226F,0.019243,-5.6995
226,V,G,V226G,0.013759,-6.1834
226,V,H,V226H,0.037802,-4.7254
226,V,I,V226I,0.03274,-4.9328
226,V,K,V226K,0.050529,-4.3068
226,V,L,V226L,0.0088869,-6.8141
226,V,M,V226M,0.023868,-5.3888
226,V,N,V226N,0.032522,-4.9424
226,V,P,V226P,0.018356,-5.7676
226,V,Q,V226Q,0.032028,-4.9645
226,V,R,V226R,0.011272,-6.4711
226,V,S,V226S,0.011185,-6.4823
226,V,T,V226T,0.013018,-6.2634
226,V,V,V226V,1,0
226,V,W,V226W,0.03242,-4.947
226,V,Y,V226Y,0.025061,-5.3184
227,Q,A,Q227A,0.01088,-6.5222
227,Q,C,Q227C,0.030117,-5.0533
227,Q,D,Q227D,0.033001,-4.9213
227,Q,E,Q227E,0.010507,-6.5725
227,Q,F,Q227F,0.029988,-5.0595
227,Q,G,Q227G,0.014061,-6.1522
227,Q,H,Q227H,0.0071848,-7.1208
227,Q,I,Q227I,0.022417,-5.4793
227,Q,K,Q227K,0.006129,-7.3501
227,Q,L,Q227L,0.0041718,-7.9051
227,Q,M,Q227M,0.012,-6.3808
227,Q,N,Q227N,0.015232,-6.0367
227,Q,P,Q227P,0.0046869,-7.7372
227,Q,Q,Q227Q,1,0
227,Q,R,Q227R,0.018438,-5.7611
227,Q,S,Q227S,0.0066054,-7.2421
227,Q,T,Q227T,0.006541,-7.2563
227,Q,V,Q227V,0.010829,-6.529
227,Q,W,Q227W,0.020447,-5.612
227,Q,Y,Q227Y,0.024374,-5.3585
228,L,A,L228A,0.097736,-3.355
228,L,C,L228C,0.033933,-4.8812
228,L,D,L228D,0.045652,-4.4532
228,L,E,L228E,0.080964,-3.6266
228,L,F,L228F,0.063648,-3.9737
228,L,G,L228G,0.032766,-4.9316
228,L,H,L228H,0.038441,-4.7012
228,L,I,L228I,0.055447,-4.1728
228,L,K,L228K,0.05463,-4.1942
228,L,L,L228L,1,0
228,L,M,L228M,0.14238,-2.8122
228,L,N,L228N,0.023516,-5.4102
228,L,P,L228P,0.019901,-5.651
228,L,Q,L228Q,0.086853,-3.5253
228,L,R,L228R,0.016986,-5.8795
228,L,S,L228S,0.01545,-6.0162
228,L,T,L228T,0.02577,-5.2782
228,L,V,L228V,0.016694,-5.9045
228,L,W,L228W,0.055855,-4.1622
228,L,Y,L228Y,0.036809,-4.7638
229,L,A,L229A,0.18744,-2.4155
229,L,C,L229C,0.10902,-3.1973
229,L,D,L229D,0.3921,-1.3507
229,L,E,L229E,0.37739,-1.4059
229,L,F,L229F,0.098272,-3.3471
229,L,G,L229G,0.083762,-3.5776
229,L,H,L229H,0.79218,-0.3361
229,L,I,L229I,0.19166,-2.3834
229,L,K,L229K,0.011938,-6.3883
229,L,L,L229L,1,0
229,L,M,L229M,0.90799,-0.13925
229,L,N,L229N,0.56734,-0.81772
229,L,P,L229P,0.12155,-3.0403
229,L,Q,L229Q,0.4787,-1.0628
229,L,R,L229R,0.086268,-3.535
229,L,S,L229S,0.11931,-3.0672
229,L,T,L229T,0.14101,-2.8261
229,L,V,L229V,0.078156,-3.6775
229,L,W,L229W,0.14332,-2.8027
229,L,Y,L229Y,0.70809,-0.498
230,A,A,A230A,1,0
230,A,C,A230C,0.30366,-1.7195
230,A,D,A230D,0.022116,-5.4988
230,A,E,A230E,0.034348,-4.8636
230,A,F,A230F,0.06397,-3.9665
230,A,G,A230G,0.013464,-6.2147
230,A,H,A230H,0.11141,-3.166
230,A,I,A230I,0.084482,-3.5652
230,A,K,A230K,0.038617,-4.6946
230,A,L,A230L,0.025697,-5.2823
230,A,M,A230M,0.053055,-4.2364
230,A,N,A230N,0.057238,-4.1269
230,A,P,A230P,0.01928,-5.6968
230,A,Q,A230Q,0.038903,-4.684
230,A,R,A230R,0.019194,-5.7032
230,A,S,A230S,0.014352,-6.1226
230,A,T,A230T,0.11261,-3.1505
230,A,V,A230V,0.74535,-0.42401
230,A,W,A230W,0.049589,-4.3338
230,A,Y,A230Y,0.05741,-4.1226
231,V,A,V231A,0.095552,-3.3876
231,V,C,V231C,0.56271,-0.82954
231,V,D,V231D,0.038106,-4.7138
231,V,E,V231E,0.030585,-5.031
231,V,F,V231F,0.26588,-1.9111
231,V,G,V231G,0.016403,-5.9299
231,V,H,V231H,0.093331,-3.4215
231,V,I,V231I,1.6416,0.71514
231,V,K,V231K,0.055798,-4.1636
231,V,L,V231L,2.6947,1.4301
231,V,M,V231M,0.10873,-3.2012
231,V,N,V231N,0.067689,-3.8849
231,V,P,V231P,0.060741,-4.0412
231,V,Q,V231Q,0.12256,-3.0285
231,V,R,V231R,0.024354,-5.3597
231,V,S,V231S,0.026001,-5.2653
231,V,T,V231T,0.044624,-4.486
231,V,V,V231V,1,0
231,V,W,V231W,0.045484,-4.4585
231,V,Y,V231Y,0.16782,-2.575
232,P,A,P232A,1.4755,0.56125
232,P,C,P232C,1.0088,0.012657
232,P,D,P232D,0.032178,-4.9578
232,P,E,P232E,0.1001,-3.3205
232,P,F,P232F,0.047822,-4.3862
232,P,G,P232G,0.12198,-3.0353
232,P,H,P232H,0.014653,-6.0926
232,P,I,P232I,0.77554,-0.36672
232,P,K,P232K,0.040297,-4.6332
232,P,L,P232L,0.5001,-0.99971
232,P,M,P232M,0.48149,-1.0544
232,P,N,P232N,0.030198,-5.0494
232,P,P,P232P,1,0
232,P,Q,P232Q,1.1345,0.182
232,P,R,P232R,0.016238,-5.9445
232,P,S,P232S,1.2301,0.29877
232,P,T,P232T,0.7395,-0.43537
232,P,V,P232V,1.0283,0.040285
232,P,W,P232W,0.083465,-3.5827
232,P,Y,P232Y,0.040099,-4.6403
233,P,A,P233A,0.013138,-6.2501
233,P,C,P233C,0.023761,-5.3953
233,P,D,P233D,0.024118,-5.3737
233,P,E,P233E,0.024393,-5.3574
233,P,F,P233F,0.016601,-5.9126
233,P,G,P233G,0.01322,-6.2411
233,P,H,P233H,0.016642,-5.909
233,P,I,P233I,0.021053,-5.5698
233,P,K,P233K,0.026138,-5.2577
233,P,L,P233L,0.027196,-5.2004
233,P,M,P233M,0.030976,-5.0127
233,P,N,P233N,0.020284,-5.6235
233,P,P,P233P,1,0
233,P,Q,P233Q,0.028722,-5.1217
233,P,R,P233R,0.0094961,-6.7185
233,P,S,P233S,0.0074072,-7.0769
233,P,T,P233T,0.010307,-6.6002
233,P,V,P233V,0.014485,-6.1093
233,P,W,P233W,0.024654,-5.342
233,P,Y,P233Y,0.021644,-5.5299
234,G,A,G234A,0.36424,-1.457
234,G,C,G234C,0.14237,-2.8123
234,G,D,G234D,0.031773,-4.976
234,G,E,G234E,0.023451,-5.4142
234,G,F,G234F,0.061539,-4.0224
234,G,G,G234G,1,0
234,G,H,G234H,0.47327,-1.0793
234,G,I,G234I,0.030598,-5.0304
234,G,K,G234K,0.35651,-1.488
234,G,L,G234L,0.013414,-6.2201
234,G,M,G234M,0.033927,-4.8814
234,G,N,G234N,0.62386,-0.6807
234,G,P,G234P,0.034515,-4.8566
234,G,Q,G234Q,0.058944,-4.0845
234,G,R,G234R,1.0511,0.071848
234,G,S,G234S,0.26094,-1.9382
234,G,T,G234T,0.035984,-4.7965
234,G,V,G234V,0.011456,-6.4478
234,G,W,G234W,0.21482,-2.2188
234,G,Y,G234Y,0.073093,-3.7741
235,E,A,E235A,0.61905,-0.69187
235,E,C,E235C,0.17808,-2.4894
235,E,D,E235D,1.4417,0.52778
235,E,E,E235E,1,0
235,E,F,E235F,0.02288,-5.4498
235,E,G,E235G,0.6331,-0.65948
235,E,H,E235H,0.31027,-1.6884
235,E,I,E235I,0.02546,-5.2956
235,E,K,E235K,0.40274,-1.3121
235,E,L,E235L,0.076108,-3.7158
235,E,M,E235M,0.078213,-3.6764
235,E,N,E235N,0.51348,-0.96163
235,E,P,E235P,0.017109,-5.8691
235,E,Q,E235Q,0.38842,-1.3643
235,E,R,E235R,0.10591,-3.239
235,E,S,E235S,0.43452,-1.2025
235,E,T,E235T,0.26003,-1.9432
235,E,V,E235V,0.23674,-2.0786
235,E,W,E235W,0.025867,-5.2727
235,E,Y,E235Y,0.019825,-5.6565
236,R,A,R236A,2.8585,1.5153
236,R,C,R236C,4.294,2.1023
236,R,D,R236D,1.3837,0.46856
236,R,E,R236E,1.2657,0.33993
236,R,F,R236F,1.3846,0.46949
236,R,G,R236G,1.908,0.9321
236,R,H,R236H,2.9925,1.5813
236,R,I,R236I,1.9279,0.94706
236,R,K,R236K,2.2896,1.1951
236,R,L,R236L,2.4324,1.2824
236,R,M,R236M,1.7016,0.76688
236,R,N,R236N,3.8687,1.9518
236,R,P,R236P,2.2228,1.1524
236,R,Q,R236Q,2.1711,1.1184
236,R,R,R236R,1,0
236,R,S,R236S,2.0327,1.0234
236,R,T,R236T,3.099,1.6318
236,R,V,R236V,2.3413,1.2273
236,R,W,R236W,0.29399,-1.7662
236,R,Y,R236Y,2.7405,1.4544
237,A,A,A237A,1,0
237,A,C,A237C,1.8286,0.87071
237,A,D,A237D,0.041577,-4.5881
237,A,E,A237E,0.084313,-3.5681
237,A,F,A237F,0.43134,-1.2131
237,A,G,A237G,0.37254,-1.4245
237,A,H,A237H,0.65032,-0.62077
237,A,I,A237I,0.69554,-0.52379
237,A,K,A237K,1.1769,0.235
237,A,L,A237L,0.69024,-0.53482
237,A,M,A237M,0.52659,-0.92526
237,A,N,A237N,0.30446,-1.7157
237,A,P,A237P,2.9107,1.5414
237,A,Q,A237Q,1.5079,0.59251
237,A,R,A237R,0.19265,-2.376
237,A,S,A237S,0.68113,-0.55399
237,A,T,A237T,2.2698,1.1826
237,A,V,A237V,0.37817,-1.4029
237,A,W,A237W,0.059301,-4.0758
237,A,Y,A237Y,0.76263,-0.39094
238,R,A,R238A,0.56138,-0.83296
238,R,C,R238C,2.9226,1.5473
238,R,D,R238D,0.023847,-5.3901
238,R,E,R238E,2.3288,1.2196
238,R,F,R238F,2.1529,1.1063
238,R,G,R238G,0.48124,-1.0552
238,R,H,R238H,0.96169,-0.056358
238,R,I,R238I,4.6235,2.209
238,R,K,R238K,4.0453,2.0163
238,R,L,R238L,4.0884,2.0315
238,R,M,R238M,1.9492,0.96287
238,R,N,R238N,1.0403,0.056952
238,R,P,R238P,0.012901,-6.2764
238,R,Q,R238Q,2.8733,1.5227
238,R,R,R238R,1,0
238,R,S,R238S,1.8307,0.87242
238,R,T,R238T,3.853,1.946
238,R,V,R238V,4.183,2.0645
238,R,W,R238W,0.021501,-5.5394
238,R,Y,R238Y,0.13995,-2.837
239,N,A,N239A,0.077048,-3.6981
239,N,C,N239C,0.19867,-2.3316
239,N,D,N239D,0.023828,-5.3912
239,N,E,N239E,0.02068,-5.5956
239,N,F,N239F,0.018109,-5.7871
239,N,G,N239G,0.0651,-3.9412
239,N,H,N239H,0.23292,-2.1021
239,N,I,N239I,0.017333,-5.8503
239,N,K,N239K,0.017245,-5.8577
239,N,L,N239L,0.0074698,-7.0647
239,N,M,N239M,0.022365,-5.4826
239,N,N,N239N,1,0
239,N,P,N239P,0.009908,-6.6572
239,N,Q,N239Q,0.022875,-5.4501
239,N,R,N239R,0.0093539,-6.7402
239,N,S,N239S,0.40117,-1.3177
239,N,T,N239T,0.0074698,-7.0647
239,N,V,N239V,0.0129,-6.2764
239,N,W,N239W,0.024116,-5.3739
239,N,Y,N239Y,0.027951,-5.161
240,I,A,I240A,0.62302,-0.68266
240,I,C,I240C,0.41776,-1.2592
240,I,D,I240D,0.013068,-6.2578
240,I,E,I240E,0.021073,-5.5685
240,I,F,I240F,0.008347,-6.9045
240,I,G,I240G,0.0097154,-6.6855
240,I,H,I240H,0.013136,-6.2503
240,I,I,I240I,1,0
240,I,K,I240K,0.025246,-5.3078
240,I,L,I240L,0.14778,-2.7584
240,I,M,I240M,0.34243,-1.5461
240,I,N,I240N,0.0093049,-6.7478
240,I,P,I240P,0.008347,-6.9045
240,I,Q,I240Q,0.01471,-6.0871
240,I,R,I240R,0.0057471,-7.4429
240,I,S,I240S,0.10632,-3.2335
240,I,T,I240T,2.1246,1.0872
240,I,V,I240V,1.9197,0.94086
240,I,W,I240W,0.023057,-5.4387
240,I,Y,I240Y,0.0085523,-6.8695
241,Q,A,Q241A,0.047911,-4.3835
241,Q,C,Q241C,0.040489,-4.6263
241,Q,D,Q241D,0.017282,-5.8546
241,Q,E,Q241E,0.28235,-1.8244
241,Q,F,Q241F,0.021742,-5.5234
241,Q,G,Q241G,0.020563,-5.6038
241,Q,H,Q241H,0.0072313,-7.1115
241,Q,I,Q241I,0.016199,-5.948
241,Q,K,Q241K,0.0060367,-7.372
241,Q,L,Q241L,0.0043961,-7.8296
241,Q,M,Q241M,0.03528,-4.825
241,Q,N,Q241N,0.013873,-6.1716
241,Q,P,Q241P,0.0042368,-7.8828
241,Q,Q,Q241Q,1,0
241,Q,R,Q241R,0.010385,-6.5894
241,Q,S,Q241S,0.020913,-5.5794
241,Q,T,Q241T,0.0050014,-7.6435
241,Q,V,Q241V,0.0085055,-6.8774
241,Q,W,Q241W,0.01459,-6.0989
241,Q,Y,Q241Y,0.015769,-5.9868
242,T,A,T242A,0.030706,-5.0253
242,T,C,T242C,0.026894,-5.2166
242,T,D,T242D,0.022139,-5.4973
242,T,E,T242E,0.031691,-4.9798
242,T,F,T242F,0.044569,-4.4878
242,T,G,T242G,0.010799,-6.5329
242,T,H,T242H,0.025882,-5.2719
242,T,I,T242I,0.021931,-5.5109
242,T,K,T242K,0.015305,-6.0299
242,T,L,T242L,0.0082068,-6.929
242,T,M,T242M,0.016996,-5.8787
242,T,N,T242N,0.019644,-5.6698
242,T,P,T242P,0.011035,-6.5018
242,T,Q,T242Q,0.021293,-5.5534
242,T,R,T242R,0.0072087,-7.116
242,T,S,T242S,0.0079712,-6.971
242,T,T,T242T,1,0
242,T,V,T242V,0.012726,-6.2961
242,T,W,T242W,0.024454,-5.3538
242,T,Y,T242Y,0.026852,-5.2188
243,L,A,L243A,0.28454,-1.8133
243,L,C,L243C,0.4508,-1.1494
243,L,D,L243D,0.05041,-4.3101
243,L,E,L243E,0.023236,-5.4275
243,L,F,L243F,0.47102,-1.0861
243,L,G,L243G,0.020873,-5.5822
243,L,H,L243H,0.30496,-1.7133
243,L,I,L243I,0.67443,-0.56825
243,L,K,L243K,0.16574,-2.593
243,L,L,L243L,1,0
243,L,M,L243M,0.30299,-1.7227
243,L,N,L243N,0.16423,-2.6062
243,L,P,L243P,0.0094519,-6.7252
243,L,Q,L243Q,0.62593,-0.67593
243,L,R,L243R,0.16383,-2.6097
243,L,S,L243S,0.17762,-2.4932
243,L,T,L243T,0.78274,-0.3534
243,L,V,L243V,0.25986,-1.9442
243,L,W,L243W,0.041418,-4.5936
243,L,Y,L243Y,0.58976,-0.7618
244,P,A,P244A,0.02373,-5.3972
244,P,C,P244C,0.053094,-4.2353
244,P,D,P244D,0.033087,-4.9176
244,P,E,P244E,0.042764,-4.5475
244,P,F,P244F,0.04709,-4.4084
244,P,G,P244G,0.023495,-5.4115
244,P,H,P244H,0.018313,-5.771
244,P,I,P244I,0.037565,-4.7345
244,P,K,P244K,0.036307,-4.7836
244,P,L,P244L,0.023445,-5.4146
244,P,M,P244M,0.049757,-4.329
244,P,N,P244N,0.051602,-4.2764
244,P,P,P244P,1,0
244,P,Q,P244Q,0.032282,-4.9531
244,P,R,P244R,0.014053,-6.1529
244,P,S,P244S,0.055794,-4.1637
244,P,T,P244T,0.013969,-6.1616
244,P,V,P244V,0.025172,-5.312
244,P,W,P244W,0.050746,-4.3006
244,P,Y,P244Y,0.044743,-4.4822
245,G,A,G245A,0.011325,-6.4644
245,G,C,G245C,0.022528,-5.4721
245,G,D,G245D,0.026461,-5.24
245,G,E,G245E,0.02067,-5.5963
245,G,F,G245F,0.020439,-5.6125
245,G,G,G245G,1,0
245,G,H,G245H,0.027682,-5.1749
245,G,I,G245I,0.026515,-5.237
245,G,K,G245K,0.01614,-5.9532
245,G,L,G245L,0.0082191,-6.9268
245,G,M,G245M,0.022501,-5.4739
245,G,N,G245N,0.024155,-5.3715
245,G,P,G245P,0.016221,-5.946
245,G,Q,G245Q,0.028957,-5.11
245,G,R,G245R,0.0091956,-6.7648
245,G,S,G245S,0.0086666,-6.8503
245,G,T,G245T,0.010538,-6.5682
245,G,V,G245V,0.0083411,-6.9055
245,G,W,G245W,0.020209,-5.6289
245,G,Y,G245Y,0.027519,-5.1834
246,I,A,I246A,0.053046,-4.2366
246,I,C,I246C,1.1169,0.15954
246,I,D,I246D,0.033539,-4.898
246,I,E,I246E,0.049738,-4.3295
246,I,F,I246F,1.3187,0.39915
246,I,G,I246G,0.020078,-5.6383
246,I,H,I246H,0.038102,-4.714
246,I,I,I246I,1,0
246,I,K,I246K,0.027607,-5.1788
246,I,L,I246L,0.92768,-0.10831
246,I,M,I246M,0.030116,-5.0533
246,I,N,I246N,0.027036,-5.209
246,I,P,I246P,0.015971,-5.9684
246,I,Q,I246Q,0.1329,-2.9116
246,I,R,I246R,0.021218,-5.5585
246,I,S,I246S,0.015172,-6.0424
246,I,T,I246T,0.75781,-0.40008
246,I,V,I246V,1.7779,0.83017
246,I,W,I246W,3.1701,1.6645
246,I,Y,I246Y,0.87394,-0.19439
247,F,A,F247A,0.0099607,-6.6495
247,F,C,F247C,0.014224,-6.1355
247,F,D,F247D,0.01897,-5.7202
247,F,E,F247E,0.017181,-5.8631
247,F,F,F247F,1,0
247,F,G,F247G,0.0078924,-6.9853
247,F,H,F247H,0.020645,-5.5981
247,F,I,F247I,0.017485,-5.8377
247,F,K,F247K,0.014744,-6.0837
247,F,L,F247L,0.0056465,-7.4684
247,F,M,F247M,0.024895,-5.328
247,F,N,F247N,0.019376,-5.6896
247,F,P,F247P,0.011293,-6.4684
247,F,Q,F247Q,0.017726,-5.818
247,F,R,F247R,0.0064586,-7.2746
247,F,S,F247S,0.0086918,-6.8461
247,F,T,F247T,0.0099226,-6.6551
247,F,V,F247V,0.0085522,-6.8695
247,F,W,F247W,0.014237,-6.1342
247,F,Y,F247Y,0.020987,-5.5743
248,K,A,K248A,0.17343,-2.5276
248,K,C,K248C,1.1607,0.21498
248,K,D,K248D,0.016915,-5.8856
248,K,E,K248E,0.034151,-4.8719
248,K,F,K248F,0.093994,-3.4113
248,K,G,K248G,0.007708,-7.0194
248,K,H,K248H,1.6434,0.71668
248,K,I,K248I,1.0588,0.082394
248,K,K,K248K,1,0
248,K,L,K248L,0.065196,-3.9391
248,K,M,K248M,0.96317,-0.054133
248,K,N,K248N,0.0094208,-6.7299
248,K,P,K248P,0.007815,-6.9995
248,K,Q,K248Q,0.24558,-2.0257
248,K,R,K248R,2.0767,1.0543
248,K,S,K248S,0.4385,-1.1894
248,K,T,K248T,0.072048,-3.7949
248,K,V,K248V,1.3865,0.47141
248,K,W,K248W,0.013703,-6.1894
248,K,Y,K248Y,0.23809,-2.0704
249,T,A,T249A,0.013391,-6.2226
249,T,C,T249C,0.69345,-0.52814
249,T,D,T249D,0.031476,-4.9896
249,T,E,T249E,0.038655,-4.6932
249,T,F,T249F,0.023953,-5.3837
249,T,G,T249G,0.014289,-6.129
249,T,H,T249H,0.018016,-5.7946
249,T,I,T249I,0.061227,-4.0297
249,T,K,T249K,0.11659,-3.1005
249,T,L,T249L,2.4904,1.3164
249,T,M,T249M,2.2573,1.1746
249,T,N,T249N,0.018844,-5.7297
249,T,P,T249P,0.0068337,-7.1931
249,T,Q,T249Q,0.029268,-5.0946
249,T,R,T249R,0.0086975,-6.8452
249,T,S,T249S,0.0078001,-7.0023
249,T,T,T249T,1,0
249,T,V,T249V,0.015738,-5.9896
249,T,W,T249W,0.032788,-4.9307
249,T,Y,T249Y,0.024022,-5.3795
250,K,A,K250A,0.16992,-2.5571
250,K,C,K250C,0.29394,-1.7664
250,K,D,K250D,0.03013,-5.0527
250,K,E,K250E,0.017579,-5.83
250,K,F,K250F,0.013919,-6.1669
250,K,G,K250G,0.059938,-4.0604
250,K,H,K250H,0.028038,-5.1565
250,K,I,K250I,0.12623,-2.9859
250,K,K,K250K,1,0
250,K,L,K250L,0.0097751,-6.6767
250,K,M,K250M,0.11573,-3.1111
250,K,N,K250N,0.0094533,-6.725
250,K,P,K250P,0.36285,-1.4626
250,K,Q,K250Q,0.51856,-0.9474
250,K,R,K250R,0.60449,-0.72621
250,K,S,K250S,0.20801,-2.2653
250,K,T,K250T,0.15849,-2.6575
250,K,V,K250V,0.2667,-1.9067
250,K,W,K250W,0.013798,-6.1794
250,K,Y,K250Y,0.015166,-6.0431
251,D,A,D251A,0.080329,-3.6379
251,D,C,D251C,0.09529,-3.3915
251,D,D,D251D,1,0
251,D,E,D251E,0.75917,-0.3975
251,D,F,D251F,0.046025,-4.4414
251,D,G,D251G,0.062828,-3.9925
251,D,H,D251H,0.10993,-3.1853
251,D,I,D251I,0.025538,-5.2912
251,D,K,D251K,0.01874,-5.7377
251,D,L,D251L,0.0078137,-6.9998
251,D,M,D251M,0.031604,-4.9837
251,D,N,D251N,0.33536,-1.5762
251,D,P,D251P,0.012832,-6.2841
251,D,Q,D251Q,0.15713,-2.6699
251,D,R,D251R,0.0090843,-6.7824
251,D,S,D251S,0.18928,-2.4014
251,D,T,D251T,0.18035,-2.4711
251,D,V,D251V,0.013118,-6.2523
251,D,W,D251W,0.02144,-5.5435
251,D,Y,D251Y,0.020487,-5.6091
252,G,A,G252A,0.34664,-1.5285
252,G,C,G252C,0.41256,-1.2773
252,G,D,G252D,0.021332,-5.5509
252,G,E,G252E,0.071994,-3.796
252,G,F,G252F,0.45134,-1.1477
252,G,G,G252G,1,0
252,G,H,G252H,0.041056,-4.6063
252,G,I,G252I,0.021018,-5.5722
252,G,K,G252K,0.18881,-2.405
252,G,L,G252L,0.015371,-6.0236
252,G,M,G252M,0.15077,-2.7296
252,G,N,G252N,0.023018,-5.4411
252,G,P,G252P,0.012862,-6.2808
252,G,Q,G252Q,0.21849,-2.1943
252,G,R,G252R,0.71241,-0.48921
252,G,S,G252S,0.018587,-5.7496
252,G,T,G252T,0.063917,-3.9677
252,G,V,G252V,0.0065485,-7.2546
252,G,W,G252W,0.010234,-6.6104
252,G,Y,G252Y,0.1343,-2.8964
253,D,A,D253A,0.015891,-5.9756
253,D,C,D253C,0.17939,-2.4788
253,D,D,D253D,1,0
253,D,E,D253E,1.0556,0.078113
253,D,F,D253F,0.018118,-5.7864
253,D,G,D253G,0.008671,-6.8496
253,D,H,D253H,0.02355,-5.4081
253,D,I,D253I,0.09059,-3.4645
253,D,K,D253K,0.025102,-5.3161
253,D,L,D253L,0.009447,-6.7259
253,D,M,D253M,0.064004,-3.9657
253,D,N,D253N,0.22035,-2.1821
253,D,P,D253P,0.011539,-6.4374
253,D,Q,D253Q,0.17625,-2.5043
253,D,R,D253R,0.0075239,-7.0543
253,D,S,D253S,0.13307,-2.9098
253,D,T,D253T,0.2829,-1.8216
253,D,V,D253V,0.012011,-6.3795
253,D,W,D253W,0.019839,-5.6555
253,D,Y,D253Y,0.020142,-5.6336
254,I,A,I254A,0.011053,-6.4995
254,I,C,I254C,0.016269,-5.9417
254,I,D,I254D,0.015878,-5.9768
254,I,E,I254E,0.018503,-5.7561
254,I,F,I254F,0.015258,-6.0342
254,I,G,I254G,0.0089171,-6.8092
254,I,H,I254H,0.014329,-6.1249
254,I,I,I254I,1,0
254,I,K,I254K,0.013873,-6.1716
254,I,L,I254L,0.3006,-1.7341
254,I,M,I254M,0.084427,-3.5662
254,I,N,I254N,0.013335,-6.2287
254,I,P,I254P,0.010629,-6.5559
254,I,Q,I254Q,0.014786,-6.0797
254,I,R,I254R,0.007238,-7.1102
254,I,S,I254S,0.0059012,-7.4048
254,I,T,I254T,0.037396,-4.741
254,I,V,I254V,0.011656,-6.4228
254,I,W,I254W,0.018503,-5.7561
254,I,Y,I254Y,0.011639,-6.4248
255,G,A,G255A,0.0060607,-7.3663
255,G,C,G255C,0.010769,-6.5369
255,G,D,G255D,0.010473,-6.5772
255,G,E,G255E,0.011505,-6.4416
255,G,F,G255F,0.0078161,-6.9993
255,G,G,G255G,1,0
255,G,H,G255H,0.012288,-6.3467
255,G,I,G255I,0.010022,-6.6407
255,G,K,G255K,0.014304,-6.1275
255,G,L,G255L,0.0039258,-7.9928
255,G,M,G255M,0.013213,-6.2419
255,G,N,G255N,0.010093,-6.6305
255,G,P,G255P,0.013889,-6.1699
255,G,Q,G255Q,0.019772,-5.6604
255,G,R,G255R,0.0052068,-7.5854
255,G,S,G255S,0.0041038,-7.9288
255,G,T,G255T,0.0075433,-7.0506
255,G,V,G255V,0.004934,-7.663
255,G,W,G255W,0.010248,-6.6086
255,G,Y,G255Y,0.009868,-6.663
256,A,A,A256A,1,0
256,A,C,A256C,3.5214,1.8162
256,A,D,A256D,0.03172,-4.9785
256,A,E,A256E,0.015093,-6.0499
256,A,F,A256F,0.01701,-5.8775
256,A,G,A256G,0.010589,-6.5612
256,A,H,A256H,0.0161,-5.9568
256,A,I,A256I,0.019502,-5.6803
256,A,K,A256K,0.018591,-5.7492
256,A,L,A256L,0.0063249,-7.3047
256,A,M,A256M,0.018639,-5.7455
256,A,N,A256N,0.019262,-5.6981
256,A,P,A256P,0.0076186,-7.0363
256,A,Q,A256Q,0.0115,-6.4423
256,A,R,A256R,0.0074748,-7.0637
256,A,S,A256S,0.0051749,-7.5943
256,A,T,A256T,0.0099665,-6.6487
256,A,V,A256V,0.01126,-6.4726
256,A,W,A256W,0.025395,-5.2993
256,A,Y,A256Y,0.018879,-5.7271
257,V,A,V257A,0.016784,-5.8968
257,V,C,V257C,0.035493,-4.8163
257,V,D,V257D,0.031138,-5.0052
257,V,E,V257E,0.037026,-4.7553
257,V,F,V257F,0.026261,-5.2509
257,V,G,V257G,0.015789,-5.9849
257,V,H,V257H,0.031627,-4.9827
257,V,I,V257I,0.041137,-4.6034
257,V,K,V257K,0.066647,-3.9073
257,V,L,V257L,0.011907,-6.392
257,V,M,V257M,0.056241,-4.1522
257,V,N,V257N,0.033193,-4.913
257,V,P,V257P,0.023504,-5.4109
257,V,Q,V257Q,0.06102,-4.0346
257,V,R,V257R,0.017404,-5.8444
257,V,S,V257S,0.011907,-6.392
257,V,T,V257T,0.021237,-5.5573
257,V,V,V257V,1,0
257,V,W,V257W,0.050597,-4.3048
257,V,Y,V257Y,0.04218,-4.5673
258,A,A,A258A,1,0
258,A,C,A258C,0.025267,-5.3066
258,A,D,A258D,0.065453,-3.9334
258,A,E,A258E,0.025824,-5.2752
258,A,F,A258F,0.020665,-5.5967
258,A,G,A258G,0.0092749,-6.7525
258,A,H,A258H,0.031983,-4.9665
258,A,I,A258I,0.025095,-5.3165
258,A,K,A258K,0.029554,-5.0805
258,A,L,A258L,0.0096464,-6.6958
258,A,M,A258M,0.028453,-5.1353
258,A,N,A258N,0.026038,-5.2632
258,A,P,A258P,0.010061,-6.6351
258,A,Q,A258Q,0.031126,-5.0057
258,A,R,A258R,0.010447,-6.5808
258,A,S,A258S,0.0063023,-7.3099
258,A,T,A258T,0.0093892,-6.7348
258,A,V,A258V,0.01422,-6.136
258,A,W,A258W,0.028553,-5.1302
258,A,Y,A258Y,0.021722,-5.5247
259,L,A,L259A,0.014687,-6.0893
259,L,C,L259C,0.033277,-4.9093
259,L,D,L259D,0.040356,-4.6311
259,L,E,L259E,0.027985,-5.1592
259,L,F,L259F,0.032781,-4.931
259,L,G,L259G,0.024644,-5.3426
259,L,H,L259H,0.02074,-5.5914
259,L,I,L259I,1.7541,0.81075
259,L,K,L259K,0.025834,-5.2746
259,L,L,L259L,1,0
259,L,M,L259M,0.020244,-5.6264
259,L,N,L259N,0.030565,-5.032
259,L,P,L259P,0.016572,-5.9151
259,L,Q,L259Q,0.023651,-5.4019
259,L,R,L259R,0.0082035,-6.9295
259,L,S,L259S,0.0091297,-6.7752
259,L,T,L259T,0.01558,-6.0042
259,L,V,L259V,0.15716,-2.6697
259,L,W,L259W,0.025074,-5.3177
259,L,Y,L259Y,0.027224,-5.199
260,D,A,D260A,0.01764,-5.825
260,D,C,D260C,0.033398,-4.9041
260,D,D,D260D,1,0
260,D,E,D260E,0.022072,-5.5016
260,D,F,D260F,0.033504,-4.8995
260,D,G,D260G,0.016075,-5.9591
260,D,H,D260H,0.0589,-4.0856
260,D,I,D260I,0.054415,-4.1998
260,D,K,D260K,0.056614,-4.1427
260,D,L,D260L,0.016391,-5.9309
260,D,M,D260M,0.05183,-4.2701
260,D,N,D260N,0.053131,-4.2343
260,D,P,D260P,0.038253,-4.7083
260,D,Q,D260Q,0.14559,-2.78
260,D,R,D260R,0.029828,-5.0672
260,D,S,D260S,0.017306,-5.8526
260,D,T,D260T,0.024288,-5.3636
260,D,V,D260V,0.017816,-5.8107
260,D,W,D260W,0.037303,-4.7446
260,D,Y,D260Y,0.034401,-4.8614
261,Y,A,Y261A,0.12267,-3.0271
261,Y,C,Y261C,3.0618,1.6144
261,Y,D,Y261D,0.0831,-3.589
261,Y,E,Y261E,1.9442,0.95919
261,Y,F,Y261F,0.72898,-0.45604
261,Y,G,Y261G,0.055207,-4.179
261,Y,H,Y261H,0.043915,-4.5092
261,Y,I,Y261I,0.039378,-4.6665
261,Y,K,Y261K,0.051732,-4.2728
261,Y,L,Y261L,0.9004,-0.15137
261,Y,M,Y261M,0.63112,-0.66402
261,Y,N,Y261N,0.082135,-3.6059
261,Y,P,Y261P,0.045652,-4.4532
261,Y,Q,Y261Q,0.44243,-1.1765
261,Y,R,Y261R,0.05318,-4.233
261,Y,S,Y261S,0.070553,-3.8251
261,Y,T,Y261T,0.030499,-5.0351
261,Y,V,Y261V,0.031271,-4.999
261,Y,W,Y261W,0.23338,-2.0993
261,Y,Y,Y261Y,1,0
262,P,A,P262A,0.023465,-5.4133
262,P,C,P262C,0.072537,-3.7851
262,P,D,P262D,0.045338,-4.4631
262,P,E,P262E,0.05838,-4.0984
262,P,F,P262F,0.045639,-4.4536
262,P,G,P262G,0.027783,-5.1696
262,P,H,P262H,0.016688,-5.9051
262,P,I,P262I,0.039887,-4.6479
262,P,K,P262K,0.074625,-3.7442
262,P,L,P262L,0.034048,-4.8763
262,P,M,P262M,0.039056,-4.6783
262,P,N,P262N,0.042613,-4.5526
262,P,P,P262P,1,0
262,P,Q,P262Q,0.06714,-3.8967
262,P,R,P262R,0.015785,-5.9853
262,P,S,P262S,0.040312,-4.6326
262,P,T,P262T,0.016104,-5.9565
262,P,V,P262V,0.0232,-5.4297
262,P,W,P262W,0.044347,-4.495
262,P,Y,P262Y,0.042666,-4.5508
263,A,A,A263A,1,0
263,A,C,A263C,2.1483,1.1032
263,A,D,A263D,0.015854,-5.979
263,A,E,A263E,0.024195,-5.3692
263,A,F,A263F,0.016075,-5.9591
263,A,G,A263G,0.2409,-2.0535
263,A,H,A263H,0.032536,-4.9418
263,A,I,A263I,0.021709,-5.5256
263,A,K,A263K,0.023311,-5.4228
263,A,L,A263L,0.015357,-6.025
263,A,M,A263M,0.096503,-3.3733
263,A,N,A263N,0.18842,-2.408
263,A,P,A263P,0.85914,-0.21904
263,A,Q,A263Q,0.36221,-1.4651
263,A,R,A263R,0.01033,-6.597
263,A,S,A263S,0.40209,-1.3144
263,A,T,A263T,0.011545,-6.4366
263,A,V,A263V,0.007844,-6.9942
263,A,W,A263W,0.026791,-5.2221
263,A,Y,A263Y,0.020936,-5.5779
264,G,A,G264A,0.013221,-6.2411
264,G,C,G264C,0.038355,-4.7044
264,G,D,G264D,0.046872,-4.4151
264,G,E,G264E,0.023105,-5.4356
264,G,F,G264F,0.033174,-4.9138
264,G,G,G264G,1,0
264,G,H,G264H,0.063966,-3.9665
264,G,I,G264I,0.045703,-4.4516
264,G,K,G264K,0.022598,-5.4677
264,G,L,G264L,0.0088855,-6.8143
264,G,M,G264M,0.027456,-5.1867
264,G,N,G264N,0.054343,-4.2018
264,G,P,G264P,0.016326,-5.9367
264,G,Q,G264Q,0.021122,-5.5651
264,G,R,G264R,0.0076403,-7.0322
264,G,S,G264S,0.013743,-6.1851
264,G,T,G264T,0.016295,-5.9394
264,G,V,G264V,0.0091929,-6.7653
264,G,W,G264W,0.01342,-6.2194
264,G,Y,G264Y,0.06186,-4.0148
265,T,A,T265A,0.031724,-4.9783
265,T,C,T265C,0.09978,-3.3251
265,T,D,T265D,0.11793,-3.084
265,T,E,T265E,0.109,-3.1977
265,T,F,T265F,0.067454,-3.89
265,T,G,T265G,0.04413,-4.5021
265,T,H,T265H,0.073834,-3.7596
265,T,I,T265I,0.075358,-3.7301
265,T,K,T265K,0.056146,-4.1547
265,T,L,T265L,0.023217,-5.4287
265,T,M,T265M,0.049234,-4.3442
265,T,N,T265N,0.04335,-4.5278
265,T,P,T265P,0.024458,-5.3536
265,T,Q,T265Q,0.12856,-2.9595
265,T,R,T265R,0.022792,-5.4553
265,T,S,T265S,1.2902,0.36759
265,T,T,T265T,1,0
265,T,V,T265V,0.06079,-4.04
265,T,W,T265W,0.10396,-3.2659
265,T,Y,T265Y,0.12278,-3.0258
266,S,A,S266A,0.02065,-5.5977
266,S,C,S266C,0.025868,-5.2727
266,S,D,S266D,0.024627,-5.3436
266,S,E,S266E,0.02216,-5.4959
266,S,F,S266F,0.020515,-5.6072
266,S,G,S266G,0.017555,-5.832
266,S,H,S266H,0.035633,-4.8107
266,S,I,S266I,0.029965,-5.0606
266,S,K,S266K,0.026691,-5.2275
266,S,L,S266L,0.046219,-4.4354
266,S,M,S266M,0.03478,-4.8456
266,S,N,S266N,0.027633,-5.1775
266,S,P,S266P,0.022833,-5.4527
266,S,Q,S266Q,0.03659,-4.7724
266,S,R,S266R,0.013173,-6.2462
266,S,S,S266S,1,0
266,S,T,S266T,0.035124,-4.8314
266,S,V,S266V,0.013487,-6.2122
266,S,W,S266W,0.019917,-5.6498
266,S,Y,S266Y,0.021876,-5.5145
267,G,A,G267A,0.0103,-6.6012
267,G,C,G267C,0.016563,-5.9159
267,G,D,G267D,0.016048,-5.9614
267,G,E,G267E,0.024789,-5.3341
267,G,F,G267F,0.018192,-5.7806
267,G,G,G267G,1,0
267,G,H,G267H,0.019848,-5.6548
267,G,I,G267I,0.021073,-5.5685
267,G,K,G267K,0.032598,-4.9391
267,G,L,G267L,0.0078363,-6.9956
267,G,M,G267M,0.035006,-4.8363
267,G,N,G267N,0.021073,-5.5685
267,G,P,G267P,0.018484,-5.7576
267,G,Q,G267Q,0.036857,-4.7619
267,G,R,G267R,0.025082,-5.3172
267,G,S,G267S,0.0089359,-6.8062
267,G,T,G267T,0.017092,-5.8705
267,G,V,G267V,0.0075023,-7.0585
267,G,W,G267W,0.031025,-5.0104
267,G,Y,G267Y,0.023579,-5.4064
268,S,A,S268A,0.019854,-5.6544
268,S,C,S268C,0.02739,-5.1902
268,S,D,S268D,0.0341,-4.8741
268,S,E,S268E,0.049602,-4.3335
268,S,F,S268F,0.038711,-4.6911
268,S,G,S268G,0.053765,-4.2172
268,S,H,S268H,0.027356,-5.192
268,S,I,S268I,0.046402,-4.4297
268,S,K,S268K,0.10827,-3.2073
268,S,L,S268L,0.01256,-6.3151
268,S,M,S268M,0.059254,-4.077
268,S,N,S268N,0.046453,-4.4281
268,S,P,S268P,0.028835,-5.116
268,S,Q,S268Q,0.057929,-4.1096
268,S,R,S268R,0.017755,-5.8156
268,S,S,S268S,1,0
268,S,T,S268T,0.014263,-6.1316
268,S,V,S268V,0.025085,-5.317
268,S,W,S268W,0.034272,-4.8668
268,S,Y,S268Y,0.018598,-5.7487
269,P,A,P269A,0.019432,-5.6854
269,P,C,P269C,0.037698,-4.7294
269,P,D,P269D,0.049986,-4.3223
269,P,E,P269E,0.041229,-4.6002
269,P,F,P269F,0.043802,-4.5129
269,P,G,P269G,0.019704,-5.6654
269,P,H,P269H,0.033702,-4.891
269,P,I,P269I,0.049443,-4.3381
269,P,K,P269K,0.038241,-4.7087
269,P,L,P269L,0.017195,-5.8619
269,P,M,P269M,0.049795,-4.3279
269,P,N,P269N,0.041229,-4.6002
269,P,P,P269P,1,0
269,P,Q,P269Q,0.017946,-5.8002
269,P,R,P269R,0.016268,-5.9418
269,P,S,P269S,0.015964,-5.969
269,P,T,P269T,0.013615,-6.1986
269,P,V,P269V,0.017866,-5.8066
269,P,W,P269W,0.043674,-4.5171
269,P,Y,P269Y,0.031242,-5.0004
270,I,A,I270A,0.037269,-4.7459
270,I,C,I270C,0.059507,-4.0708
270,I,D,I270D,0.108,-3.2109
270,I,E,I270E,0.063684,-3.9729
270,I,F,I270F,0.058975,-4.0837
270,I,G,I270G,0.024207,-5.3684
270,I,H,I270H,0.11646,-3.1021
270,I,I,I270I,1,0
270,I,K,I270K,0.051101,-4.2905
270,I,L,I270L,0.062726,-3.9948
270,I,M,I270M,0.037269,-4.7459
270,I,N,I270N,0.045728,-4.4508
270,I,P,I270P,0.02575,-5.2793
270,I,Q,I270Q,0.082464,-3.6001
270,I,R,I270R,0.019738,-5.6629
270,I,S,I270S,0.019472,-5.6824
270,I,T,I270T,0.022239,-5.4908
270,I,V,I270V,0.66748,-0.5832
270,I,W,I270W,0.04626,-4.4341
270,I,Y,I270Y,0.11181,-3.1609
271,L,A,L271A,0.03467,-4.8502
271,L,C,L271C,0.029524,-5.082
271,L,D,L271D,0.093374,-3.4208
271,L,E,L271E,0.048491,-4.3662
271,L,F,L271F,0.033291,-4.9087
271,L,G,L271G,0.02398,-5.382
271,L,H,L271H,0.038251,-4.7083
271,L,I,L271I,0.053478,-4.2249
271,L,K,L271K,0.068147,-3.8752
271,L,L,L271L,1,0
271,L,M,L271M,0.3475,-1.5249
271,L,N,L271N,0.10003,-3.3215
271,L,P,L271P,0.095602,-3.3868
271,L,Q,L271Q,0.11396,-3.1334
271,L,R,L271R,0.020585,-5.6023
271,L,S,L271S,0.018887,-5.7265
271,L,T,L271T,0.037641,-4.7315
271,L,V,L271V,0.39121,-1.354
271,L,W,L271W,0.057642,-4.1167
271,L,Y,L271Y,0.046395,-4.4299
272,D,A,D272A,0.047619,-4.3923
272,D,C,D272C,0.14192,-2.8168
272,D,D,D272D,1,0
272,D,E,D272E,0.060595,-4.0446
272,D,F,D272F,0.050477,-4.3082
272,D,G,D272G,0.24921,-2.0046
272,D,H,D272H,0.073514,-3.7658
272,D,I,D272I,0.066194,-3.9171
272,D,K,D272K,0.12323,-3.0205
272,D,L,D272L,0.041583,-4.5879
272,D,M,D272M,0.082145,-3.6057
272,D,N,D272N,0.38681,-1.3703
272,D,P,D272P,0.066194,-3.9171
272,D,Q,D272Q,0.095121,-3.3941
272,D,R,D272R,0.031231,-5.0009
272,D,S,D272S,0.10072,-3.3116
272,D,T,D272T,0.053276,-4.2304
272,D,V,D272V,0.040358,-4.631
272,D,W,D272W,0.13621,-2.8761
272,D,Y,D272Y,0.069694,-3.8428
273,K,A,K273A,0.37198,-1.4267
273,K,C,K273C,0.39256,-1.349
273,K,D,K273D,0.07742,-3.6911
273,K,E,K273E,0.21946,-2.188
273,K,F,K273F,0.14261,-2.8099
273,K,G,K273G,0.24399,-2.0351
273,K,H,K273H,0.39413,-1.3433
273,K,I,K273I,0.12272,-3.0266
273,K,K,K273K,1,0
273,K,L,K273L,0.16162,-2.6294
273,K,M,K273M,0.18107,-2.4654
273,K,N,K273N,0.11274,-3.1489
273,K,P,K273P,0.51321,-0.96239
273,K,Q,K273Q,0.56804,-0.81593
273,K,R,K273R,0.57569,-0.79662
273,K,S,K273S,0.34237,-1.5464
273,K,T,K273T,0.16369,-2.611
273,K,V,K273V,0.45593,-1.1331
273,K,W,K273W,0.084572,-3.5637
273,K,Y,K273Y,0.15013,-2.7357
274,C,A,C274A,0.83735,-0.25611
274,C,C,C274C,1,0
274,C,D,C274D,0.12633,-2.9847
274,C,E,C274E,0.057622,-4.1172
274,C,F,C274F,0.76776,-0.38127
274,C,G,C274G,0.49818,-1.0053
274,C,H,C274H,0.47688,-1.0683
274,C,I,C274I,1.6063,0.68372
274,C,K,C274K,0.11174,-3.1617
274,C,L,C274L,1.8747,0.90665
274,C,M,C274M,2.2359,1.1608
274,C,N,C274N,0.97009,-0.043802
274,C,P,C274P,0.025237,-5.3083
274,C,Q,C274Q,1.2251,0.29289
274,C,R,C274R,0.3787,-1.4009
274,C,S,C274S,0.73727,-0.43973
274,C,T,C274T,0.63924,-0.64557
274,C,V,C274V,0.64697,-0.62822
274,C,W,C274W,0.13567,-2.8819
274,C,Y,C274Y,0.23676,-2.0785
275,G,A,G275A,0.69322,-0.52862
275,G,C,G275C,0.34944,-1.5169
275,G,D,G275D,0.2478,-2.0128
275,G,E,G275E,0.57023,-0.81039
275,G,F,G275F,0.063167,-3.9847
275,G,G,G275G,1,0
275,G,H,G275H,0.43179,-1.2116
275,G,I,G275I,0.072908,-3.7778
275,G,K,G275K,0.058986,-4.0835
275,G,L,G275L,0.020662,-5.5969
275,G,M,G275M,0.047277,-4.4027
275,G,N,G275N,0.26753,-1.9022
275,G,P,G275P,0.039701,-4.6547
275,G,Q,G275Q,0.085748,-3.5438
275,G,R,G275R,0.062134,-4.0085
275,G,S,G275S,0.69814,-0.51842
275,G,T,G275T,0.034585,-4.8537
275,G,V,G275V,0.021498,-5.5396
275,G,W,G275W,0.064987,-3.9437
275,G,Y,G275Y,0.08988,-3.4758
276,R,A,R276A,0.24967,-2.0019
276,R,C,R276C,0.25526,-1.97
276,R,D,R276D,0.044717,-4.483
276,R,E,R276E,0.066782,-3.9044
276,R,F,R276F,0.025093,-5.3165
276,R,G,R276G,0.073457,-3.767
276,R,H,R276H,0.29309,-1.7706
276,R,I,R276I,0.024877,-5.329
276,R,K,R276K,0.22983,-2.1214
276,R,L,R276L,0.11165,-3.1629
276,R,M,R276M,0.10427,-3.2616
276,R,N,R276N,0.27652,-1.8545
276,R,P,R276P,0.018295,-5.7724
276,R,Q,R276Q,0.083563,-3.581
276,R,R,R276R,1,0
276,R,S,R276S,0.14806,-2.7558
276,R,T,R276T,0.018326,-5.77
276,R,V,R276V,0.015452,-6.0161
276,R,W,R276W,0.028215,-5.1474
276,R,Y,R276Y,0.023239,-5.4273
277,V,A,V277A,0.016616,-5.9113
277,V,C,V277C,0.4181,-1.2581
277,V,D,V277D,0.064653,-3.9511
277,V,E,V277E,0.031356,-4.9951
277,V,F,V277F,0.0643,-3.959
277,V,G,V277G,0.027935,-5.1618
277,V,H,V277H,0.066462,-3.9113
277,V,I,V277I,0.089786,-3.4774
277,V,K,V277K,0.037512,-4.7365
277,V,L,V277L,0.011231,-6.4763
277,V,M,V277M,0.072133,-3.7932
277,V,N,V277N,0.085946,-3.5404
277,V,P,V277P,0.01869,-5.7416
277,V,Q,V277Q,0.034621,-4.8522
277,V,R,V277R,0.018094,-5.7883
277,V,S,V277S,0.01602,-5.964
277,V,T,V277T,0.02948,-5.0841
277,V,V,V277V,1,0
277,V,W,V277W,0.050553,-4.3061
277,V,Y,V277Y,0.053134,-4.2342
278,I,A,I278A,0.03353,-4.8984
278,I,C,I278C,0.11737,-3.0909
278,I,D,I278D,0.044621,-4.4861
278,I,E,I278E,0.061141,-4.0317
278,I,F,I278F,0.031666,-4.9809
278,I,G,I278G,0.022462,-5.4764
278,I,H,I278H,0.035813,-4.8034
278,I,I,I278I,1,0
278,I,K,I278K,0.029918,-5.0628
278,I,L,I278L,0.68136,-0.55351
278,I,M,I278M,0.027472,-5.1859
278,I,N,I278N,0.027192,-5.2007
278,I,P,I278P,0.022043,-5.5036
278,I,Q,I278Q,0.033763,-4.8884
278,I,R,I278R,0.011394,-6.4556
278,I,S,I278S,0.016916,-5.8854
278,I,T,I278T,0.016707,-5.9034
278,I,V,I278V,0.04052,-4.6252
278,I,W,I278W,0.035231,-4.827
278,I,Y,I278Y,0.040963,-4.6095
279,G,A,G279A,0.018683,-5.7421
279,G,C,G279C,0.036769,-4.7654
279,G,D,G279D,0.042287,-4.5636
279,G,E,G279E,0.05442,-4.1997
279,G,F,G279F,0.031961,-4.9675
279,G,G,G279G,1,0
279,G,H,G279H,0.043546,-4.5213
279,G,I,G279I,0.034301,-4.8656
279,G,K,G279K,0.033607,-4.8951
279,G,L,G279L,0.013472,-6.2139
279,G,M,G279M,0.050887,-4.2966
279,G,N,G279N,0.041319,-4.597
279,G,P,G279P,0.021152,-5.5631
279,G,Q,G279Q,0.034866,-4.8421
279,G,R,G279R,0.01181,-6.4038
279,G,S,G279S,0.015537,-6.0081
279,G,T,G279T,0.020393,-5.6158
279,G,V,G279V,0.014553,-6.1026
279,G,W,G279W,0.036285,-4.7845
279,G,Y,G279Y,0.05755,-4.119
280,L,A,L280A,0.014533,-6.1045
280,L,C,L280C,0.028028,-5.157
280,L,D,L280D,0.037648,-4.7313
280,L,E,L280E,0.032429,-4.9466
280,L,F,L280F,0.018334,-5.7693
280,L,G,L280G,0.016331,-5.9362
280,L,H,L280H,0.063542,-3.9762
280,L,I,L280I,0.025148,-5.3134
280,L,K,L280K,0.023218,-5.4286
280,L,L,L280L,1,0
280,L,M,L280M,0.028832,-5.1162
280,L,N,L280N,0.037137,-4.751
280,L,P,L280P,0.0087724,-6.8328
280,L,Q,L280Q,0.021302,-5.5528
280,L,R,L280R,0.0090064,-6.7948
280,L,S,L280S,0.008173,-6.9349
280,L,T,L280T,0.012852,-6.2819
280,L,V,L280V,0.026054,-5.2623
280,L,W,L280W,0.026551,-5.2351
280,L,Y,L280Y,0.024183,-5.3699
281,Y,A,Y281A,0.01584,-5.9803
281,Y,C,Y281C,0.020795,-5.5876
281,Y,D,Y281D,0.025553,-5.2904
281,Y,E,Y281E,0.029957,-5.0609
281,Y,F,Y281F,0.022292,-5.4874
281,Y,G,Y281G,0.020499,-5.6083
281,Y,H,Y281H,0.028291,-5.1435
281,Y,I,Y281I,0.027515,-5.1836
281,Y,K,Y281K,0.024974,-5.3234
281,Y,L,Y281L,0.010941,-6.5141
281,Y,M,Y281M,0.02808,-5.1543
281,Y,N,Y281N,0.018861,-5.7285
281,Y,P,Y281P,0.017237,-5.8583
281,Y,Q,Y281Q,0.024282,-5.364
281,Y,R,Y281R,0.012183,-6.3589
281,Y,S,Y281S,0.0086258,-6.8571
281,Y,T,Y281T,0.019609,-5.6723
281,Y,V,Y281V,0.012212,-6.3556
281,Y,W,Y281W,0.044018,-4.5057
281,Y,Y,Y281Y,1,0
282,G,A,G282A,0.023439,-5.415
282,G,C,G282C,0.050322,-4.3127
282,G,D,G282D,0.14878,-2.7487
282,G,E,G282E,0.072048,-3.7949
282,G,F,G282F,0.058095,-4.1054
282,G,G,G282G,1,0
282,G,H,G282H,0.068762,-3.8622
282,G,I,G282I,0.043965,-4.5075
282,G,K,G282K,0.048019,-4.3802
282,G,L,G282L,0.018302,-5.7718
282,G,M,G282M,0.08179,-3.6119
282,G,N,G282N,0.039931,-4.6464
282,G,P,G282P,0.026765,-5.2235
282,G,Q,G282Q,0.095487,-3.3885
282,G,R,G282R,0.023616,-5.4041
282,G,S,G282S,0.016354,-5.9342
282,G,T,G282T,0.023203,-5.4296
282,G,V,G282V,0.016334,-5.9359
282,G,W,G282W,0.057544,-4.1192
282,G,Y,G282Y,0.055281,-4.1771
283,N,A,N283A,0.019657,-5.6688
283,N,C,N283C,0.025882,-5.2719
283,N,D,N283D,0.028252,-5.1455
283,N,E,N283E,0.039258,-4.6709
283,N,F,N283F,0.021241,-5.557
283,N,G,N283G,0.025938,-5.2688
283,N,H,N283H,0.021354,-5.5494
283,N,I,N283I,0.015451,-6.0162
283,N,K,N283K,0.016629,-5.9102
283,N,L,N283L,0.011399,-6.455
283,N,M,N283M,0.023162,-5.4321
283,N,N,N283N,1,0
283,N,P,N283P,0.016741,-5.9005
283,N,Q,N283Q,0.036566,-4.7734
283,N,R,N283R,0.013095,-6.2548
283,N,S,N283S,0.0092537,-6.7558
283,N,T,N283T,0.011048,-6.5
283,N,V,N283V,0.015801,-5.9838
283,N,W,N283W,0.03536,-4.8217
283,N,Y,N283Y,0.015998,-5.966
284,G,A,G284A,0.01548,-6.0134
284,G,C,G284C,0.035336,-4.8227
284,G,D,G284D,0.049013,-4.3507
284,G,E,G284E,0.025204,-5.3102
284,G,F,G284F,0.037485,-4.7375
284,G,G,G284G,1,0
284,G,H,G284H,0.053185,-4.2328
284,G,I,G284I,0.060572,-4.0452
284,G,K,G284K,0.0298,-5.0686
284,G,L,G284L,0.012798,-6.2879
284,G,M,G284M,0.030255,-5.0467
284,G,N,G284N,0.047617,-4.3924
284,G,P,G284P,0.026428,-5.2418
284,G,Q,G284Q,0.02569,-5.2826
284,G,R,G284R,0.028216,-5.1474
284,G,S,G284S,0.012955,-6.2703
284,G,T,G284T,0.018523,-5.7545
284,G,V,G284V,0.010148,-6.6227
284,G,W,G284W,0.014367,-6.1211
284,G,Y,G284Y,0.035336,-4.8227
285,V,A,V285A,0.015223,-6.0376
285,V,C,V285C,0.027275,-5.1963
285,V,D,V285D,0.042273,-4.5641
285,V,E,V285E,0.060649,-4.0434
285,V,F,V285F,0.02005,-5.6402
285,V,G,V285G,0.015802,-5.9837
285,V,H,V285H,0.039666,-4.656
285,V,I,V285I,0.0266,-5.2325
285,V,K,V285K,0.050882,-4.2967
285,V,L,V285L,0.01157,-6.4335
285,V,M,V285M,0.049578,-4.3341
285,V,N,V285N,0.051976,-4.266
285,V,P,V285P,0.029448,-5.0857
285,V,Q,V285Q,0.035691,-4.8083
285,V,R,V285R,0.01445,-6.1128
285,V,S,V285S,0.016397,-5.9304
285,V,T,V285T,0.024057,-5.3774
285,V,V,V285V,1,0
285,V,W,V285W,0.036866,-4.7616
285,V,Y,V285Y,0.040696,-4.619
286,V,A,V286A,0.051859,-4.2693
286,V,C,V286C,0.028877,-5.1139
286,V,D,V286D,0.032511,-4.9429
286,V,E,V286E,0.020704,-5.594
286,V,F,V286F,0.023109,-5.4354
286,V,G,V286G,0.011211,-6.479
286,V,H,V286H,0.03544,-4.8185
286,V,I,V286I,0.34771,-1.524
286,V,K,V286K,0.02517,-5.3122
286,V,L,V286L,0.0063467,-7.2998
286,V,M,V286M,0.044174,-4.5007
286,V,N,V286N,0.028714,-5.1221
286,V,P,V286P,0.017286,-5.8542
286,V,Q,V286Q,0.027105,-5.2053
286,V,R,V286R,0.011862,-6.3975
286,V,S,V286S,0.011789,-6.4064
286,V,T,V286T,0.013218,-6.2414
286,V,V,V286V,1,0
286,V,W,V286W,0.02951,-5.0827
286,V,Y,V286Y,0.04157,-4.5883
287,I,A,I287A,0.89695,-0.1569
287,I,C,I287C,2.1018,1.0717
287,I,D,I287D,0.028468,-5.1345
287,I,E,I287E,0.12269,-3.0269
287,I,F,I287F,0.085204,-3.5529
287,I,G,I287G,1.0599,0.083988
287,I,H,I287H,0.52626,-0.92614
287,I,I,I287I,1,0
287,I,K,I287K,0.15698,-2.6714
287,I,L,I287L,0.76985,-0.37736
287,I,M,I287M,1.2997,0.3782
287,I,N,I287N,1.4707,0.55653
287,I,P,I287P,0.49419,-1.0169
287,I,Q,I287Q,2.68,1.4223
287,I,R,I287R,1.8049,0.85194
287,I,S,I287S,0.95429,-0.0675
287,I,T,I287T,1.8593,0.89473
287,I,V,I287V,0.87209,-0.19745
287,I,W,I287W,0.68464,-0.54658
287,I,Y,I287Y,1.1796,0.23834
288,K,A,K288A,0.84552,-0.2421
288,K,C,K288C,0.031661,-4.9812
288,K,D,K288D,0.034186,-4.8705
288,K,E,K288E,0.028164,-5.15
288,K,F,K288F,0.022791,-5.4554
288,K,G,K288G,0.78304,-0.35285
288,K,H,K288H,0.33266,-1.5879
288,K,I,K288I,0.023244,-5.427
288,K,K,K288K,1,0
288,K,L,K288L,0.011525,-6.4391
288,K,M,K288M,0.026093,-5.2602
288,K,N,K288N,0.016963,-5.8814
288,K,P,K288P,1.0542,0.076138
288,K,Q,K288Q,0.2977,-1.7481
288,K,R,K288R,0.75824,-0.39928
288,K,S,K288S,1.0173,0.024727
288,K,T,K288T,0.101,-3.3075
288,K,V,K288V,0.015215,-6.0383
288,K,W,K288W,0.04079,-4.6156
288,K,Y,K288Y,0.034445,-4.8596
289,N,A,N289A,0.013573,-6.2031
289,N,C,N289C,0.028065,-5.1551
289,N,D,N289D,0.059524,-4.0704
289,N,E,N289E,0.032439,-4.9461
289,N,F,N289F,0.018944,-5.7221
289,N,G,N289G,0.12582,-2.9906
289,N,H,N289H,0.014492,-6.1086
289,N,I,N289I,0.016951,-5.8825
289,N,K,N289K,0.021247,-5.5566
289,N,L,N289L,0.0098688,-6.6629
289,N,M,N289M,0.029575,-5.0795
289,N,N,N289N,1,0
289,N,P,N289P,0.011565,-6.434
289,N,Q,N289Q,0.042682,-4.5502
289,N,R,N289R,0.010896,-6.52
289,N,S,N289S,0.040067,-4.6415
289,N,T,N289T,0.0093084,-6.7472
289,N,V,N289V,0.013776,-6.1817
289,N,W,N289W,0.041779,-4.5811
289,N,Y,N289Y,0.015971,-5.9684
290,G,A,G290A,0.011293,-6.4684
290,G,C,G290C,0.019254,-5.6987
290,G,D,G290D,0.022724,-5.4596
290,G,E,G290E,0.020025,-5.642
290,G,F,G290F,0.021912,-5.5121
290,G,G,G290G,1,0
290,G,H,G290H,0.031057,-5.0089
290,G,I,G290I,0.029721,-5.0724
290,G,K,G290K,0.023578,-5.4064
290,G,L,G290L,0.0082634,-6.919
290,G,M,G290M,0.031814,-4.9742
290,G,N,G290N,0.02541,-5.2985
290,G,P,G290P,0.014971,-6.0617
290,G,Q,G290Q,0.024253,-5.3657
290,G,R,G290R,0.0083736,-6.8999
290,G,S,G290S,0.0091586,-6.7707
290,G,T,G290T,0.012671,-6.3024
290,G,V,G290V,0.0096407,-6.6966
290,G,W,G290W,0.019929,-5.649
290,G,Y,G290Y,0.033191,-4.913
291,S,A,S291A,0.71558,-0.48282
291,S,C,S291C,0.24614,-2.0224
291,S,D,S291D,0.075457,-3.7282
291,S,E,S291E,0.54009,-0.88872
291,S,F,S291F,0.027253,-5.1975
291,S,G,S291G,0.17722,-2.4964
291,S,H,S291H,0.043793,-4.5131
291,S,I,S291I,0.032845,-4.9282
291,S,K,S291K,0.027647,-5.1768
291,S,L,S291L,0.01977,-5.6605
291,S,M,S291M,0.26134,-1.936
291,S,N,S291N,0.071125,-3.8135
291,S,P,S291P,0.016383,-5.9316
291,S,Q,S291Q,3.6767,1.8784
291,S,R,S291R,0.031033,-5.01
291,S,S,S291S,1,0
291,S,T,S291T,0.7897,-0.34063
291,S,V,S291V,0.048677,-4.3606
291,S,W,S291W,0.03379,-4.8873
291,S,Y,S291Y,0.04206,-4.5714
292,Y,A,Y292A,0.033512,-4.8992
292,Y,C,Y292C,0.083115,-3.5887
292,Y,D,Y292D,0.034517,-4.8565
292,Y,E,Y292E,0.053949,-4.2123
292,Y,F,Y292F,2.2182,1.1494
292,Y,G,Y292G,0.040713,-4.6184
292,Y,H,Y292H,0.064006,-3.9656
292,Y,I,Y292I,0.04538,-4.4618
292,Y,K,Y292K,0.051977,-4.266
292,Y,L,Y292L,0.014161,-6.1419
292,Y,M,Y292M,0.052983,-4.2383
292,Y,N,Y292N,0.032063,-4.9629
292,Y,P,Y292P,0.019833,-5.6559
292,Y,Q,Y292Q,0.044495,-4.4902
292,Y,R,Y292R,0.026351,-5.246
292,Y,S,Y292S,0.015127,-6.0468
292,Y,T,Y292T,0.038581,-4.696
292,Y,V,Y292V,0.026552,-5.235
292,Y,W,Y292W,0.12737,-2.9729
292,Y,Y,Y292Y,1,0
293,V,A,V293A,0.015815,-5.9826
293,V,C,V293C,0.026877,-5.2175
293,V,D,V293D,0.030334,-5.0429
293,V,E,V293E,0.035886,-4.8004
293,V,F,V293F,0.040121,-4.6395
293,V,G,V293G,0.012445,-6.3283
293,V,H,V293H,0.046775,-4.4181
293,V,I,V293I,0.62262,-0.68357
293,V,K,V293K,0.040294,-4.6333
293,V,L,V293L,0.010111,-6.6279
293,V,M,V293M,0.03822,-4.7095
293,V,N,V293N,0.042087,-4.5705
293,V,P,V293P,0.017414,-5.8436
293,V,Q,V293Q,0.041806,-4.5801
293,V,R,V293R,0.012445,-6.3283
293,V,S,V293S,0.012834,-6.2839
293,V,T,V293T,0.01951,-5.6797
293,V,V,V293V,1,0
293,V,W,V293W,0.038047,-4.7161
293,V,Y,V293Y,0.056887,-4.1358
294,S,A,S294A,0.023123,-5.4345
294,S,C,S294C,0.026271,-5.2504
294,S,D,S294D,0.047222,-4.4044
294,S,E,S294E,0.036188,-4.7884
294,S,F,S294F,0.030726,-5.0244
294,S,G,S294G,0.041445,-4.5927
294,S,H,S294H,0.046639,-4.4223
294,S,I,S294I,0.014104,-6.1478
294,S,K,S294K,0.033024,-4.9204
294,S,L,S294L,0.014529,-6.105
294,S,M,S294M,0.032127,-4.9601
294,S,N,S294N,0.029703,-5.0733
294,S,P,S294P,0.023422,-5.416
294,S,Q,S294Q,0.04357,-4.5205
294,S,R,S294R,0.011144,-6.4875
294,S,S,S294S,1,0
294,S,T,S294T,0.013254,-6.2375
294,S,V,S294V,0.021423,-5.5447
294,S,W,S294W,0.042216,-4.5661
294,S,Y,S294Y,0.043948,-4.5081
295,A,A,A295A,1,0
295,A,C,A295C,0.031293,-4.998
295,A,D,A295D,0.017697,-5.8204
295,A,E,A295E,0.030916,-5.0155
295,A,F,A295F,0.035785,-4.8045
295,A,G,A295G,0.011019,-6.5039
295,A,H,A295H,0.031519,-4.9876
295,A,I,A295I,0.056346,-4.1495
295,A,K,A295K,0.026847,-5.2191
295,A,L,A295L,0.014667,-6.0913
295,A,M,A295M,0.041483,-4.5913
295,A,N,A295N,0.035032,-4.8352
295,A,P,A295P,0.010099,-6.6296
295,A,Q,A295Q,0.033992,-4.8787
295,A,R,A295R,0.012979,-6.2677
295,A,S,A295S,0.0097076,-6.6867
295,A,T,A295T,0.010898,-6.5197
295,A,V,A295V,0.012783,-6.2897
295,A,W,A295W,0.031866,-4.9718
295,A,Y,A295Y,0.052472,-4.2523
296,I,A,I296A,0.024594,-5.3456
296,I,C,I296C,0.039264,-4.6706
296,I,D,I296D,0.037213,-4.748
296,I,E,I296E,0.050313,-4.3129
296,I,F,I296F,0.040075,-4.6412
296,I,G,I296G,0.027621,-5.1781
296,I,H,I296H,0.033591,-4.8958
296,I,I,I296I,1,0
296,I,K,I296K,0.034385,-4.8621
296,I,L,I296L,0.019665,-5.6682
296,I,M,I296M,0.031722,-4.9784
296,I,N,I296N,0.04679,-4.4177
296,I,P,I296P,0.022725,-5.4596
296,I,Q,I296Q,0.042837,-4.545
296,I,R,I296R,0.012702,-6.2988
296,I,S,I296S,0.015315,-6.0289
296,I,T,I296T,0.036386,-4.7805
296,I,V,I296V,0.048311,-4.3715
296,I,W,I296W,0.041679,-4.5845
296,I,Y,I296Y,0.048741,-4.3587
297,T,A,T297A,0.060747,-4.041
297,T,C,T297C,0.038456,-4.7006
297,T,D,T297D,0.044583,-4.4874
297,T,E,T297E,0.074841,-3.74
297,T,F,T297F,0.034027,-4.8772
297,T,G,T297G,0.021687,-5.527
297,T,H,T297H,0.06092,-4.0369
297,T,I,T297I,0.17238,-2.5364
297,T,K,T297K,0.059252,-4.077
297,T,L,T297L,0.02163,-5.5308
297,T,M,T297M,0.044036,-4.5052
297,T,N,T297N,0.073,-3.776
297,T,P,T297P,0.023902,-5.3867
297,T,Q,T297Q,0.047142,-4.4068
297,T,R,T297R,0.015244,-6.0356
297,T,S,T297S,0.9757,-0.035497
297,T,T,T297T,1,0
297,T,V,T297V,0.028101,-5.1532
297,T,W,T297W,0.038715,-4.691
297,T,Y,T297Y,0.041936,-4.5757
298,Q,A,Q298A,0.026346,-5.2463
298,Q,C,Q298C,0.033446,-4.902
298,Q,D,Q298D,0.084135,-3.5711
298,Q,E,Q298E,0.035595,-4.8122
298,Q,F,Q298F,0.06821,-3.8739
298,Q,G,Q298G,0.022161,-5.4958
298,Q,H,Q298H,0.010258,-6.607
298,Q,I,Q298I,0.059873,-4.0619
298,Q,K,Q298K,0.015876,-5.977
298,Q,L,Q298L,0.0081416,-6.9405
298,Q,M,Q298M,0.032599,-4.939
298,Q,N,Q298N,0.050576,-4.3054
298,Q,P,Q298P,0.014785,-6.0797
298,Q,Q,Q298Q,1,0
298,Q,R,Q298R,0.022422,-5.4789
298,Q,S,Q298S,0.020012,-5.643
298,Q,T,Q298T,0.018465,-5.7591
298,Q,V,Q298V,0.019963,-5.6465
298,Q,W,Q298W,0.043704,-4.5161
298,Q,Y,Q298Y,0.04175,-4.5821
299,G,A,G299A,0.036253,-4.7858
299,G,C,G299C,0.056292,-4.1509
299,G,D,G299D,0.023052,-5.439
299,G,E,G299E,0.020344,-5.6193
299,G,F,G299F,0.032445,-4.9459
299,G,G,G299G,1,0
299,G,H,G299H,0.11869,-3.0747
299,G,I,G299I,0.036794,-4.7644
299,G,K,G299K,0.050182,-4.3167
299,G,L,G299L,0.012152,-6.3627
299,G,M,G299M,0.0295,-5.0831
299,G,N,G299N,0.042092,-4.5703
299,G,P,G299P,0.020733,-5.5919
299,G,Q,G299Q,0.032885,-4.9264
299,G,R,G299R,0.028484,-5.1337
299,G,S,G299S,0.035965,-4.7973
299,G,T,G299T,0.019937,-5.6484
299,G,V,G299V,0.0096133,-6.7008
299,G,W,G299W,0.054498,-4.1977
299,G,Y,G299Y,0.032529,-4.9421
300,K,A,K300A,0.034234,-4.8684
300,K,C,K300C,0.072575,-3.7844
300,K,D,K300D,0.028367,-5.1396
300,K,E,K300E,0.019361,-5.6907
300,K,F,K300F,0.024612,-5.3445
300,K,G,K300G,0.010795,-6.5335
300,K,H,K300H,0.33744,-1.5673
300,K,I,K300I,0.13265,-2.9143
300,K,K,K300K,1,0
300,K,L,K300L,0.045997,-4.4423
300,K,M,K300M,0.014198,-6.1382
300,K,N,K300N,0.010326,-6.5976
300,K,P,K300P,0.017102,-5.8697
300,K,Q,K300Q,0.10091,-3.3088
300,K,R,K300R,0.86224,-0.21383
300,K,S,K300S,0.025844,-5.274
300,K,T,K300T,0.036522,-4.7751
300,K,V,K300V,0.07674,-3.7039
300,K,W,K300W,0.060899,-4.0374
300,K,Y,K300Y,0.022588,-5.4683
301,R,A,R301A,0.078006,-3.6803
301,R,C,R301C,0.38186,-1.3889
301,R,D,R301D,0.034469,-4.8585
301,R,E,R301E,0.027513,-5.1837
301,R,F,R301F,0.41867,-1.2561
301,R,G,R301G,0.011799,-6.4051
301,R,H,R301H,0.042073,-4.571
301,R,I,R301I,0.15277,-2.7105
301,R,K,R301K,0.04962,-4.3329
301,R,L,R301L,0.060856,-4.0385
301,R,M,R301M,0.011011,-6.5049
301,R,N,R301N,0.035004,-4.8363
301,R,P,R301P,0.1178,-3.0856
301,R,Q,R301Q,0.021262,-5.5556
301,R,R,R301R,1,0
301,R,S,R301S,0.0067305,-7.2151
301,R,T,R301T,0.024782,-5.3346
301,R,V,R301V,0.1797,-2.4764
301,R,W,R301W,0.057589,-4.1181
301,R,Y,R301Y,0.10456,-3.2576
302,E,A,E302A,0.60376,-0.72796
302,E,C,E302C,1.9228,0.9432
302,E,D,E302D,0.46325,-1.1101
302,E,E,E302E,1,0
302,E,F,E302F,1.2423,0.313
302,E,G,E302G,0.5073,-0.97908
302,E,H,E302H,0.55066,-0.86076
302,E,I,E302I,3.4064,1.7683
302,E,K,E302K,0.46395,-1.108
302,E,L,E302L,1.1264,0.17167
302,E,M,E302M,2.4217,1.276
302,E,N,E302N,0.51148,-0.96726
302,E,P,E302P,0.29376,-1.7673
302,E,Q,E302Q,1.5245,0.6083
302,E,R,E302R,0.4301,-1.2173
302,E,S,E302S,0.99861,-0.0020084
302,E,T,E302T,1.3895,0.47459
302,E,V,E302V,2.1417,1.0987
302,E,W,E302W,0.66427,-0.59016
302,E,Y,E302Y,1.5231,0.60698
303,E,A,E303A,1.0162,0.023242
303,E,C,E303C,0.52084,-0.94108
303,E,D,E303D,0.65543,-0.6095
303,E,E,E303E,1,0
303,E,F,E303F,0.56326,-0.82814
303,E,G,E303G,0.071067,-3.8147
303,E,H,E303H,0.43012,-1.2172
303,E,I,E303I,0.67611,-0.56466
303,E,K,E303K,0.040343,-4.6315
303,E,L,E303L,0.50305,-0.99122
303,E,M,E303M,0.47295,-1.0802
303,E,N,E303N,0.32006,-1.6436
303,E,P,E303P,0.85042,-0.23375
303,E,Q,E303Q,0.46529,-1.1038
303,E,R,E303R,0.15817,-2.6605
303,E,S,E303S,0.62667,-0.67423
303,E,T,E303T,0.49395,-1.0176
303,E,V,E303V,0.49891,-1.0031
303,E,W,E303W,0.55705,-0.84412
303,E,Y,E303Y,0.42454,-1.236
304,E,A,E304A,0.59939,-0.73844
304,E,C,E304C,0.68806,-0.5394
304,E,D,E304D,0.24012,-2.0582
304,E,E,E304E,1,0
304,E,F,E304F,0.73928,-0.4358
304,E,G,E304G,0.86136,-0.21531
304,E,H,E304H,0.4105,-1.2846
304,E,I,E304I,1.0049,0.0070117
304,E,K,E304K,0.11386,-3.1346
304,E,L,E304L,1.0969,0.13341
304,E,M,E304M,1.2592,0.33249
304,E,N,E304N,0.47313,-1.0797
304,E,P,E304P,0.70058,-0.51337
304,E,Q,E304Q,0.78967,-0.34068
304,E,R,E304R,0.19028,-2.3938
304,E,S,E304S,0.77074,-0.37568
304,E,T,E304T,0.70754,-0.49911
304,E,V,E304V,0.90702,-0.1408
304,E,W,E304W,1.0064,0.0092083
304,E,Y,E304Y,0.36108,-1.4696
305,T,A,T305A,1.1011,0.13897
305,T,C,T305C,0.66579,-0.58686
305,T,D,T305D,1.0249,0.035464
305,T,E,T305E,1.3549,0.43818
305,T,F,T305F,0.5021,-0.99394
305,T,G,T305G,0.49562,-1.0127
305,T,H,T305H,0.60235,-0.73133
305,T,I,T305I,0.27427,-1.8663
305,T,K,T305K,0.56449,-0.82497
305,T,L,T305L,1.2515,0.32365
305,T,M,T305M,1.6707,0.74045
305,T,N,T305N,0.72625,-0.46146
305,T,P,T305P,0.80512,-0.31273
305,T,Q,T305Q,1.1984,0.26109
305,T,R,T305R,0.50105,-0.99697
305,T,S,T305S,1.1502,0.20188
305,T,T,T305T,1,0
305,T,V,T305V,0.59148,-0.75759
305,T,W,T305W,0.37925,-1.3988
305,T,Y,T305Y,1.6656,0.73606
306,P,A,P306A,0.90504,-0.14395
306,P,C,P306C,0.77078,-0.37561
306,P,D,P306D,0.057583,-4.1182
306,P,E,P306E,0.11724,-3.0925
306,P,F,P306F,0.3526,-1.5039
306,P,G,P306G,0.21915,-2.19
306,P,H,P306H,0.53312,-0.90746
306,P,I,P306I,0.35749,-1.484
306,P,K,P306K,0.23692,-2.0775
306,P,L,P306L,0.37969,-1.3971
306,P,M,P306M,0.64155,-0.64036
306,P,N,P306N,0.14418,-2.7941
306,P,P,P306P,1,0
306,P,Q,P306Q,0.055362,-4.175
306,P,R,P306R,0.082821,-3.5939
306,P,S,P306S,0.37954,-1.3977
306,P,T,P306T,0.20494,-2.2867
306,P,V,P306V,0.39864,-1.3268
306,P,W,P306W,0.12886,-2.9561
306,P,Y,P306Y,0.43587,-1.198
307,V,A,V307A,0.52552,-0.92818
307,V,C,V307C,1.1157,0.15792
307,V,D,V307D,0.067452,-3.89
307,V,E,V307E,0.12242,-3.0301
307,V,F,V307F,0.19299,-2.3734
307,V,G,V307G,0.3578,-1.4828
307,V,H,V307H,0.68398,-0.54797
307,V,I,V307I,0.51747,-0.95046
307,V,K,V307K,0.13319,-2.9084
307,V,L,V307L,0.42314,-1.2408
307,V,M,V307M,0.88875,-0.17014
307,V,N,V307N,0.38337,-1.3832
307,V,P,V307P,0.49622,-1.0109
307,V,Q,V307Q,0.56901,-0.81347
307,V,R,V307R,0.15272,-2.711
307,V,S,V307S,0.56146,-0.83274
307,V,T,V307T,1.23,0.29871
307,V,V,V307V,1,0
307,V,W,V307W,0.099366,-3.3311
307,V,Y,V307Y,0.54707,-0.87021
308,E,A,E308A,1.5072,0.59188
308,E,C,E308C,0.90301,-0.14718
308,E,D,E308D,1.6756,0.7447
308,E,E,E308E,1,0
308,E,F,E308F,0.64657,-0.62912
308,E,G,E308G,0.41612,-1.2649
308,E,H,E308H,2.3067,1.2058
308,E,I,E308I,0.7619,-0.39232
308,E,K,E308K,0.074924,-3.7384
308,E,L,E308L,0.92267,-0.11611
308,E,M,E308M,1.164,0.21915
308,E,N,E308N,3.1527,1.6566
308,E,P,E308P,0.99934,-0.00094572
308,E,Q,E308Q,1.6466,0.71946
308,E,R,E308R,0.47881,-1.0625
308,E,S,E308S,1.2595,0.33285
308,E,T,E308T,1.1029,0.14128
308,E,V,E308V,0.83333,-0.26303
308,E,W,E308W,0.20642,-2.2763
308,E,Y,E308Y,0.78528,-0.34873
