original,new
1,104
2,105
3,106
4,107
5,108
6,109
7,110
8,111
9,112
10,113
11,114
12,115
13,116
14,117
15,118
16,119
17,120
18,121
19,122
20,123
21,124
22,125
23,126
24,127
25,128
26,129
27,130
28,131
29,132
30,133
31,134
32,135
33,136
34,137
35,138
36,139
37,140
38,141
39,142
40,143
41,144
42,145
43,146
44,147
45,148
46,149
47,150
48,151
49,152
50,153
51,154
52,155
53,156
54,157
55,158
56,159
57,160
58,161
59,162
60,163
61,164
62,165
63,166
64,167
65,168
66,169
67,170
68,171
69,172
70,173
71,174
72,175
73,176
74,177
75,178
76,179
77,180
78,181
79,182
80,183
81,184
82,185
83,186
84,187
85,188
86,189
87,190
88,191
89,192
90,193
91,194
92,195
93,196
94,197
95,198
96,199
97,200
98,201
99,202
100,203
101,204
102,205
103,206
104,207
105,208
106,209
107,210
108,211
109,212
110,213
111,214
112,215
113,216
114,217
115,218
116,219
117,220
118,221
119,222
120,223
121,224
122,225
123,226
124,227
125,228
126,229
127,230
128,231
129,232
130,233
131,234
132,235
133,236
134,237
135,238
136,239
137,240
138,241
139,242
140,243
141,244
142,245
143,246
144,247
145,248
146,249
147,250
148,251
149,252
150,253
151,254
152,255
153,256
154,257
155,258
156,259
157,260
158,261
159,262
160,263
161,264
162,265
163,266
164,267
165,268
166,269
167,270
168,271
169,272
170,273
171,274
172,275
173,276
174,277
175,278
176,279
177,280
178,281
179,282
180,283
181,284
182,285
183,286
184,287
185,288
186,289
187,290
188,291
189,292
190,293
191,294
192,295
193,296
194,297
195,298
196,299
197,300
198,301
199,302
200,303
201,304
202,305
203,306
204,307
205,308
206,309
207,310
208,311
209,312
210,313
211,314
212,315
213,316
214,317
215,318
216,319
217,320
218,321
219,322
220,323
221,324
222,325
223,326
224,327
225,328
226,329
227,330
228,331
229,332
230,333
231,334
232,335
233,336
234,337
235,338
236,339
237,340
238,341
239,342
240,343
241,344
242,345
243,346
244,347
245,348
246,349
247,350
248,351
249,352
250,353
251,354
252,355
253,356
254,357
255,358
256,359
257,360
258,361
259,362
260,363
261,364
262,365
263,366
264,367
265,368
266,369
267,370
268,371
269,372
270,373
271,374
272,375
273,376
274,377
275,378
276,379
277,380
278,381
279,382
280,383
281,384
282,385
283,386
284,387
285,388
286,389
287,390
288,391
289,392
290,393
291,394
292,395
293,396
294,397
295,398
296,399
297,400
298,401
299,402
300,403
301,404
302,405
303,406
304,407
305,408
306,409
307,410
308,411
309,412
