site,wildtype,AAA,AAC,AAG,AAT,ACA,ACC,ACG,ACT,AGA,AGC,AGG,AGT,ATA,ATC,ATG,ATT,CAA,CAC,CAG,CAT,CCA,CCC,CCG,CCT,CGA,CGC,CGG,CGT,CTA,CTC,CTG,CTT,GAA,GAC,GAG,GAT,GCA,GCC,GCG,GCT,GGA,GGC,GGG,GGT,GTA,GTC,GTG,GTT,TAA,TAC,TAG,TAT,TCA,TCC,TCG,TCT,TGA,TGC,TGG,TGT,TTA,TTC,TTG,TTT
0,CGG,0,0,12,0,0,0,0,0,0,0,277,0,0,0,0,0,0,0,4,0,0,0,0,0,3,0,196712,223,0,0,71,0,0,0,0,0,0,0,0,0,0,0,0,0,0,0,0,0,0,0,0,0,0,0,0,0,0,0,8,0,0,0,0,0
1,AGC,0,1,0,1,0,0,0,3,7,197217,0,170,0,9,0,0,0,0,0,0,0,0,0,0,0,0,0,0,0,0,0,0,0,0,0,0,0,0,12,24,0,3,61,33,0,0,0,0,0,0,0,0,0,0,84,39,0,1,0,10,0,0,0,0
2,TGG,0,0,0,0,0,0,0,0,0,0,0,0,0,0,8,0,0,0,0,0,0,0,0,0,0,0,1,0,0,0,17,1,0,0,0,0,0,0,0,0,0,0,1,0,0,0,0,0,0,0,4,8,0,0,0,0,3,2,197504,12,0,0,70,21
3,CCC,0,0,0,1,0,13,2,0,0,0,0,0,0,0,0,0,0,57,0,1,45,196470,91,110,0,0,0,0,0,4,0,0,0,0,0,0,0,14,1,0,0,0,0,0,0,0,1,0,0,0,0,0,0,8,1,0,0,0,0,0,0,0,0,0
4,CCT,0,0,0,237,0,0,8,32,0,0,2,41,0,0,0,0,0,0,64,38,0,27,85,196837,0,0,1,5,0,0,0,2,0,0,0,0,0,0,10,3,0,0,27,18,0,0,0,0,0,0,0,3,0,0,45,45,0,5,0,12,0,0,0,0
5,AGT,0,0,2,151,0,0,78,145,0,4,15,196904,0,0,5,13,0,0,3,46,0,0,2,12,0,0,0,4,0,0,0,0,0,0,1,1,0,0,20,43,0,0,28,49,0,0,2,7,0,0,0,6,0,0,23,80,0,0,0,84,0,0,0,3
6,GAA,2,1,0,48,0,0,0,0,0,0,0,7,0,0,5,0,0,0,40,50,0,0,0,0,0,0,0,0,0,0,0,0,191724,1,86,3,1,0,6,9,5,0,8,12,0,0,0,0,63,0,0,0,0,0,8,3,0,0,0,8,0,0,1,1
7,GTT,0,0,0,0,0,0,6,11,0,0,0,11,0,0,19,27,0,0,0,2,0,0,28,62,0,0,0,0,0,0,42,36,0,0,0,0,0,0,7,16,0,0,5,4,0,18,29,197275,0,0,0,3,0,0,10,3,0,0,0,5,0,0,37,9
8,CTC,0,0,0,3,0,0,41,51,0,0,0,0,0,39,25,2,0,1,6,5,0,20,24,24,0,1,0,0,92,197108,56,38,0,0,0,0,0,0,0,0,0,0,1,0,0,0,5,5,0,0,0,9,0,0,2,0,0,0,3,5,0,14,16,12
9,ACA,10,0,0,12,183361,1,50,116,0,0,0,36,59,0,0,3,0,0,2,7,0,0,0,1,0,0,0,0,0,0,7,8,0,0,1,0,3,0,5,9,0,0,7,25,0,0,3,16,0,0,0,0,2,0,19,37,0,0,0,32,0,0,2,0
10,GCC,0,0,0,0,0,3,2,4,0,0,0,14,0,0,0,0,0,0,0,0,0,0,1,3,0,0,0,0,0,0,1,1,0,7,0,0,69,197007,37,48,0,0,16,12,0,5,1,4,0,0,0,0,0,23,45,77,0,0,0,2,0,0,1,1
11,GTT,0,0,0,0,0,0,56,87,0,0,0,7,0,0,4,26,0,0,0,0,0,0,0,0,0,0,0,0,0,0,2,1,0,0,0,1,0,0,18,24,0,0,11,5,1,16,34,197398,0,0,0,0,0,0,20,15,0,0,0,26,0,0,5,13
12,GGC,0,0,0,0,0,0,0,0,0,4,0,0,0,0,0,0,0,0,0,0,0,0,0,0,0,0,0,0,0,0,0,0,0,1,0,0,0,0,0,0,16,196543,49,144,0,13,0,0,0,0,0,0,0,0,0,0,0,52,0,0,0,0,0,0
13,CTG,0,0,0,1,0,0,22,33,0,0,0,0,0,0,90,40,0,0,3,0,0,0,20,1,0,0,5,0,2,2,196541,165,0,0,0,0,0,0,1,6,0,0,1,1,0,0,45,44,0,0,0,0,0,0,0,0,0,0,0,10,0,0,35,4
14,ATA,0,0,0,0,19,0,48,55,14,0,0,0,197001,0,98,132,0,0,0,0,0,0,0,0,0,0,0,1,1,0,23,41,0,0,0,0,0,0,0,5,0,0,0,0,4,0,15,53,0,0,0,0,0,0,2,0,0,0,0,33,1,0,17,1
15,TGT,0,0,0,0,0,0,10,1,0,0,0,34,0,0,4,0,0,0,0,0,0,0,0,0,0,0,0,3,0,0,0,0,0,0,0,0,0,0,4,13,0,0,7,9,0,0,0,2,0,0,0,3,0,0,12,27,1,10,0,197558,0,0,3,22
16,GCA,0,0,0,0,22,0,97,81,0,0,0,26,0,0,86,9,0,0,1,0,0,0,0,0,0,0,0,0,0,0,9,6,14,0,0,0,196243,0,123,106,0,0,30,22,10,0,24,13,0,0,0,0,58,0,76,89,0,0,0,31,0,0,6,1
17,CTG,0,0,0,0,0,0,12,16,0,0,0,3,0,0,58,24,0,0,0,0,0,0,2,0,0,0,1,0,4,0,196916,248,0,0,0,0,0,0,5,9,0,0,7,3,0,0,49,15,0,0,0,0,0,0,5,5,0,0,0,10,0,0,100,0
18,GCC,0,0,0,2,0,2,5,4,0,0,0,20,0,0,9,2,0,0,2,0,0,1,0,0,0,0,0,0,0,0,0,4,0,8,0,0,111,197052,100,68,0,0,58,23,0,4,15,7,0,0,0,1,0,8,25,27,0,0,1,49,0,0,7,21
19,GGA,0,0,0,0,0,0,9,10,8,0,0,11,0,0,2,0,0,0,1,0,0,0,0,1,0,0,0,0,0,0,0,0,1,0,3,0,0,0,75,50,196708,0,78,75,23,0,0,0,0,0,0,0,0,0,30,39,23,0,0,0,0,0,0,0
20,GGG,0,0,0,3,0,0,14,7,0,0,2,24,0,0,1,0,0,0,5,0,0,0,0,0,0,0,0,0,0,0,1,0,0,0,2,0,0,0,85,78,5,1,197013,165,0,0,37,0,0,0,0,38,0,0,81,48,0,0,58,19,0,0,0,17
21,TTT,0,0,0,3,0,0,14,47,0,0,0,29,0,0,274,72,0,0,1,0,0,0,0,0,0,0,0,0,0,0,48,240,0,0,0,0,0,0,12,70,0,0,1,5,0,0,55,123,0,0,0,19,0,0,7,36,0,0,15,145,2,6,139,196163
22,GCC,0,0,4,14,0,16,107,118,0,0,2,36,0,0,13,3,0,0,46,39,0,0,3,8,0,0,1,0,0,0,1,1,0,11,8,1,124,195856,88,91,0,0,41,29,0,20,60,28,0,0,0,0,0,46,25,53,0,0,0,59,0,0,0,0
23,AAG,12,0,196961,136,0,0,2,9,0,0,77,1,0,0,11,1,0,0,29,79,0,0,0,0,0,0,36,22,0,0,0,0,0,0,24,0,0,0,33,8,0,0,3,11,0,0,0,0,0,0,0,0,0,0,3,2,0,0,0,6,0,0,1,0
24,GCA,0,0,4,2,5,0,39,33,0,0,8,7,0,0,151,91,0,0,7,6,0,0,2,4,0,0,0,1,0,0,80,22,9,0,1,2,196012,1,152,110,0,0,3,4,15,0,202,148,0,0,0,15,9,0,15,21,0,0,19,107,0,0,36,23
25,GAC,0,8,6,19,0,0,5,12,0,0,5,18,0,0,0,0,0,0,3,4,0,0,12,11,0,0,9,0,0,0,0,0,7,196820,12,70,0,0,0,2,0,4,34,30,0,0,0,0,0,98,0,0,0,0,52,36,0,0,0,0,0,0,0,0
26,ATT,0,0,2,19,0,0,13,26,0,0,9,27,0,6,25,196523,0,0,8,7,0,0,1,2,0,0,7,1,0,0,23,26,0,0,0,2,0,0,11,5,0,0,2,2,0,0,56,39,0,0,0,5,0,0,1,3,0,0,0,19,0,0,8,6
27,GAG,0,0,31,11,0,0,23,13,0,0,7,6,0,0,6,1,0,0,41,20,0,0,9,15,0,0,7,4,0,0,5,1,4,0,196834,71,0,0,61,30,0,0,19,0,0,0,19,8,0,0,109,4,0,0,17,5,0,0,1,6,0,0,1,4
28,ATG,0,0,11,2,0,0,39,16,0,0,0,40,8,0,196644,140,0,0,22,18,0,0,0,0,0,0,0,0,0,0,59,23,0,0,3,0,0,0,37,13,0,0,11,4,0,0,30,10,0,0,0,35,0,0,36,5,0,0,17,35,0,0,53,88
29,GCT,0,0,56,16,0,0,156,219,0,0,2,25,0,0,45,17,0,0,17,51,0,0,18,44,0,0,17,12,0,0,8,0,0,0,6,12,0,10,191,196204,0,0,57,66,0,0,51,80,0,0,0,9,0,0,20,53,0,0,1,74,0,0,4,0
30,GGA,0,0,0,0,0,0,0,0,3,0,0,3,0,0,0,0,0,0,0,0,0,0,2,3,0,0,1,0,0,0,0,0,2,0,0,0,1,0,45,30,196601,1,154,156,67,0,0,1,0,0,0,0,0,0,3,0,48,0,0,2,0,0,0,0
31,CCC,0,0,0,0,0,3,0,0,0,0,0,0,0,0,0,2,0,28,1,0,104,197010,151,101,0,0,0,0,0,2,0,0,0,0,0,0,0,0,0,1,0,0,0,0,0,0,0,0,0,0,0,0,0,7,0,0,0,0,0,0,0,0,0,0
32,ATG,0,0,2,0,0,0,49,42,0,0,0,4,8,0,196332,204,0,0,2,19,0,0,0,0,0,0,0,0,0,0,44,51,0,0,0,0,0,0,23,3,0,0,75,30,1,0,142,46,0,0,0,144,0,0,4,3,0,0,112,2,0,0,55,114
33,GCT,0,0,0,1,0,0,10,46,0,0,0,55,0,0,0,5,0,0,0,0,0,0,0,0,0,0,0,0,0,0,2,0,0,0,0,9,1,4,89,196456,0,0,7,20,0,0,3,18,0,0,0,0,0,0,89,222,0,0,0,24,0,0,0,0
34,GCA,0,0,0,0,10,0,8,11,0,0,0,0,0,0,0,1,0,0,0,0,0,0,0,0,0,0,0,0,0,0,0,0,14,0,0,0,196695,1,72,96,0,0,14,13,11,0,14,36,0,0,0,0,8,0,1,1,0,0,0,26,0,0,0,0
35,GTA,0,0,0,0,0,0,19,17,0,0,0,15,6,0,1,20,0,0,0,0,0,0,0,0,0,0,0,0,0,0,0,0,0,0,0,0,11,0,34,12,0,0,12,26,196521,2,81,71,0,0,0,1,0,0,3,2,0,0,0,40,10,0,3,3
36,GGC,0,0,0,4,0,0,3,17,0,1,0,6,0,0,3,0,0,0,2,2,0,0,1,0,0,0,0,0,0,0,0,0,0,3,0,0,0,1,4,4,19,196149,99,102,0,11,4,7,0,0,0,3,0,0,7,2,0,45,12,4,0,0,1,3
37,TTG,0,0,0,0,0,0,18,3,0,0,0,0,0,0,93,2,0,0,0,0,0,0,0,0,0,0,0,0,0,0,108,47,0,0,0,0,0,0,2,0,0,0,0,0,0,0,37,3,0,0,0,0,0,0,3,0,0,0,1,20,4,1,196239,15
38,CTA,0,0,0,0,0,0,6,0,0,0,0,1,16,0,24,1,0,0,0,0,9,0,0,0,0,0,0,0,197190,0,45,63,0,0,0,0,0,0,1,2,0,0,0,0,0,0,15,4,0,0,0,0,0,0,0,0,0,0,0,7,7,0,35,1
39,ATT,0,0,0,1,0,0,35,44,0,0,0,16,3,10,173,196591,0,0,0,0,0,0,0,0,0,0,0,0,0,0,32,38,0,0,0,0,0,0,4,13,0,0,27,34,0,0,94,171,0,0,0,23,0,0,7,14,0,0,7,23,0,0,29,57
40,GTC,0,0,0,0,0,0,11,0,0,0,0,2,0,2,9,25,0,0,0,0,0,0,0,0,0,0,0,0,0,1,8,13,0,1,0,0,0,18,14,18,0,0,50,45,159,196504,72,104,0,0,0,1,0,0,0,0,0,0,0,21,0,11,3,0
41,AGC,0,3,0,0,0,0,48,25,11,196848,0,45,0,6,0,0,0,0,0,0,0,0,0,0,0,0,0,0,0,0,0,0,0,0,0,0,0,0,12,21,0,2,117,67,0,0,2,0,0,0,0,0,0,0,28,49,0,1,0,0,0,0,0,0
42,TAT,0,0,0,1,0,0,0,0,0,0,0,1,0,0,0,0,0,0,0,13,0,0,0,0,0,0,0,0,0,0,3,0,0,0,0,0,0,0,2,2,0,0,2,1,0,0,0,0,0,5,0,196565,0,0,0,1,0,0,44,3,0,0,0,8
43,GTG,0,0,0,0,0,0,7,5,0,0,0,0,0,0,7,25,1,0,0,0,0,0,0,0,0,0,0,0,0,0,0,5,0,0,0,0,0,0,3,1,0,0,0,0,6,1,197567,184,0,0,0,0,0,0,0,0,0,0,0,2,0,0,9,0
44,GTC,0,0,0,0,0,0,0,2,0,0,0,0,0,4,0,32,0,0,0,0,0,0,0,0,0,0,0,0,0,1,1,2,0,0,0,0,0,2,1,3,0,0,0,0,115,197618,58,61,0,0,0,7,0,0,0,0,0,0,0,2,0,11,0,2
45,TCG,0,0,2,38,0,0,498,450,0,0,1,28,0,0,133,4,0,0,41,51,0,0,4,0,0,0,1,3,0,0,8,9,0,0,1,0,0,0,373,224,0,0,5,4,0,0,16,31,0,0,67,8,15,1,195230,147,0,0,2,301,0,0,23,1
46,GGA,0,0,0,25,0,0,2,0,2,0,0,1,0,0,0,0,0,0,2,1,0,0,0,0,0,0,0,0,0,0,1,0,6,0,0,0,0,0,0,1,197402,1,64,85,56,0,3,1,0,0,0,1,0,0,2,2,47,0,0,3,0,0,0,3
47,AAG,4,0,197385,66,0,0,6,5,0,0,115,5,0,0,2,5,0,0,3,2,0,0,0,3,0,0,92,94,0,0,5,5,0,0,0,0,0,0,1,1,0,0,6,7,0,0,2,0,0,0,2,0,0,0,4,1,0,0,0,1,0,0,0,0
48,AGT,0,0,2,34,0,0,70,140,8,8,3,197296,0,0,7,9,0,0,0,12,0,0,4,2,0,0,0,1,0,0,0,0,0,0,0,0,0,0,9,20,0,0,26,49,0,0,16,3,0,0,0,3,0,0,78,52,0,0,0,35,0,0,0,1
49,GTG,0,0,0,10,0,0,104,75,0,0,4,11,0,0,30,17,0,0,2,3,0,0,0,1,0,0,1,1,0,0,21,6,0,0,1,0,0,0,23,5,0,0,5,1,9,0,197174,200,0,0,0,1,0,0,16,10,0,0,1,47,0,0,24,0
50,GAC,0,0,0,0,0,0,2,1,0,0,0,3,0,0,0,0,0,1,1,3,0,0,0,0,0,0,0,0,0,0,2,1,14,197553,30,51,0,0,0,1,0,2,1,1,0,1,2,1,0,58,0,0,0,0,3,3,0,0,0,6,0,0,0,0
51,ATG,0,0,0,1,0,0,7,3,0,0,1,0,2,0,197603,26,0,0,0,0,0,0,0,0,0,0,0,0,0,0,47,37,0,0,0,0,0,0,1,0,0,0,0,0,0,0,7,1,0,0,0,1,0,0,0,0,0,0,3,13,0,0,34,34
52,TAC,0,2,0,0,0,0,3,2,0,0,2,0,0,0,0,1,0,38,2,2,0,0,0,0,0,0,1,0,0,0,0,0,0,0,0,0,0,0,0,0,0,0,0,0,0,0,11,4,13,197706,0,34,0,1,1,0,0,8,8,6,0,2,0,15
53,ATT,0,0,0,2,0,0,0,7,0,0,0,0,1,12,4,197661,0,0,0,0,0,0,0,0,0,0,0,0,0,0,48,49,0,0,0,0,0,0,0,0,0,0,0,0,0,0,39,27,0,0,0,0,0,0,0,0,0,0,0,0,0,0,39,2
54,GAA,4,0,0,0,0,0,13,14,0,0,0,8,0,0,26,13,0,0,29,1,0,0,0,0,0,0,0,0,0,0,8,1,197474,0,95,13,0,0,4,6,6,0,0,0,1,0,32,22,91,0,0,0,0,0,6,7,0,0,0,16,0,0,12,0
55,AGA,7,0,12,0,0,0,3,0,197379,0,40,1,48,0,3,4,0,0,25,15,0,0,29,38,0,0,47,53,0,0,8,13,0,0,2,0,0,0,19,9,3,0,0,0,0,0,0,3,0,0,0,44,0,0,5,7,0,0,16,0,0,0,9,17
56,GCA,0,0,0,18,1,0,82,60,0,0,0,17,0,0,0,3,0,0,16,29,0,0,0,0,0,0,0,0,0,0,5,7,26,0,43,24,197136,4,56,51,0,0,12,8,21,0,49,66,0,0,0,21,26,0,25,41,0,0,0,30,0,0,0,0
57,GGT,0,0,0,0,0,0,15,23,0,0,0,21,0,0,0,1,0,0,19,3,0,0,0,0,0,0,0,1,0,0,0,0,0,0,0,1,0,0,23,30,6,9,76,197461,0,0,8,19,0,0,1,0,1,0,12,15,0,0,0,80,0,0,0,0
58,GAC,0,3,0,3,0,0,3,2,0,0,0,2,0,0,1,1,0,1,3,2,0,0,9,4,0,0,0,0,0,0,0,1,13,197499,27,51,0,0,4,2,0,4,9,7,0,0,0,1,0,134,0,0,0,0,11,6,0,0,0,12,0,0,0,0
59,ATC,0,2,0,0,0,8,1,4,0,1,0,0,78,197547,10,98,0,0,0,0,0,0,0,1,0,0,0,0,0,2,1,4,0,0,0,0,0,0,1,0,0,0,0,0,0,6,16,29,0,0,0,3,0,0,1,0,0,0,0,0,0,0,3,6
60,ACA,20,0,36,83,195412,0,147,95,0,0,11,41,7,0,64,48,0,0,96,48,0,0,0,0,0,0,26,25,0,0,105,58,0,0,71,51,5,0,55,62,0,0,51,54,0,0,64,45,0,0,0,54,1,0,84,48,0,0,23,40,0,0,75,32
61,TGG,0,0,0,0,0,0,0,0,0,0,1,0,0,0,0,0,0,0,0,0,0,0,0,0,0,0,4,0,0,0,0,0,0,0,0,0,0,0,0,0,0,0,1,0,0,0,0,0,0,0,3,0,0,0,0,0,0,0,194953,39,0,0,56,0
62,GAA,8,0,2,2,0,0,15,12,0,0,0,0,0,0,18,8,1,0,41,2,0,0,0,0,0,0,0,0,0,0,2,4,195447,1,56,75,0,0,28,19,10,0,2,0,2,0,17,16,58,0,0,13,0,0,6,1,0,0,12,6,0,0,2,7
63,AAG,15,1,193595,194,0,0,114,47,0,0,182,29,0,0,93,42,0,0,194,83,0,0,263,132,0,0,41,33,0,0,129,47,0,0,65,24,0,0,80,26,0,0,14,17,0,0,27,63,0,0,1,26,0,0,104,20,0,0,19,18,0,0,84,21
64,GAC,0,5,0,13,0,0,2,0,0,0,0,0,0,0,0,0,0,0,0,4,0,0,0,0,0,0,0,0,0,0,0,0,21,196435,10,84,0,1,1,2,0,4,14,18,0,1,0,0,0,26,0,3,0,0,1,0,0,0,0,5,0,0,1,6
65,GCG,0,0,0,0,0,0,8,0,0,0,0,0,0,0,0,0,0,0,0,0,0,0,0,0,0,0,0,0,0,0,0,0,0,0,12,0,17,0,195834,118,0,0,0,0,0,0,61,18,0,0,0,0,0,0,14,2,0,0,0,64,0,0,0,0
66,GAA,1,0,1,0,0,0,12,3,0,0,0,0,0,0,14,14,0,0,11,1,0,0,100,35,0,0,0,1,0,0,50,24,196516,1,41,19,0,0,2,1,6,0,0,1,0,0,19,12,25,0,0,3,0,0,2,2,0,0,2,3,0,0,50,1
67,GTC,0,0,0,0,0,0,3,2,0,0,0,0,0,4,2,33,0,0,0,0,0,0,0,2,0,0,1,2,0,1,0,1,0,1,0,0,0,9,0,0,0,0,0,0,125,195935,66,108,0,0,0,1,0,0,0,0,0,0,0,3,0,11,0,4
68,ACT,0,0,2,10,5,8,129,196467,0,0,1,88,0,0,0,7,0,0,1,0,0,0,0,0,0,0,0,0,0,0,0,0,0,0,0,0,0,0,3,4,0,0,3,18,0,0,1,0,0,0,0,0,0,0,88,137,0,0,0,2,0,0,0,0
69,GGA,0,0,0,0,0,0,0,0,3,0,1,0,0,0,0,0,0,0,0,0,0,0,0,0,0,0,0,0,0,0,0,0,3,0,0,0,0,0,0,0,196720,0,87,126,43,0,0,0,0,0,0,0,0,0,0,0,37,0,0,0,0,0,0,0
70,AAC,9,194565,0,86,0,6,117,106,0,4,0,30,0,0,0,10,0,0,0,1,0,0,0,0,0,0,0,0,0,0,2,0,0,5,0,0,0,0,1,5,0,0,4,17,0,0,7,4,0,0,0,0,0,0,46,53,0,0,8,11,0,0,0,0
71,AGT,0,0,0,1,0,0,0,0,0,12,0,194720,0,0,0,1,0,0,0,0,0,0,0,0,0,0,1,4,0,0,0,0,0,0,0,0,0,0,19,15,0,0,0,3,0,0,0,1,0,0,0,0,0,0,44,20,0,0,0,14,0,0,0,0
72,CCT,0,0,0,0,0,0,0,59,0,0,0,0,0,0,0,10,0,0,0,45,3,20,68,194895,0,0,0,0,0,0,4,6,0,0,1,0,0,0,0,1,0,0,0,0,0,0,13,17,0,0,0,82,0,0,0,1,0,0,0,0,0,0,6,6
73,CGG,0,0,56,28,0,0,85,57,0,0,161,46,0,0,52,13,0,0,87,103,0,0,0,0,0,1,195113,126,0,0,100,43,0,0,2,0,0,0,11,5,0,0,0,0,0,0,31,32,0,0,0,2,0,0,29,32,0,0,7,77,0,0,67,0
74,CTT,0,0,0,0,0,0,0,0,0,0,0,0,0,0,0,161,0,0,0,1,10,0,0,4,0,0,0,2,2,3,151,196224,0,0,0,0,0,0,0,0,0,0,0,0,0,0,71,93,0,0,0,0,0,0,0,0,0,0,0,0,0,0,102,5
75,GAC,0,2,21,52,0,0,22,58,0,0,36,64,0,0,39,25,0,0,30,61,0,0,0,0,0,0,23,41,0,0,42,58,55,195062,211,122,0,1,70,63,0,10,0,0,0,0,51,56,0,128,0,91,0,0,42,109,0,0,50,58,0,2,98,52
76,GTG,0,0,0,0,0,0,0,0,0,0,0,0,0,0,5,0,0,0,0,0,0,0,0,0,0,0,0,0,0,0,1,0,0,0,0,0,0,0,7,0,0,0,0,0,5,1,196652,204,0,0,0,0,0,0,0,0,0,0,0,0,0,0,10,0
77,GCA,0,0,81,63,13,0,65,64,0,0,93,35,0,0,55,51,0,0,140,181,1,0,0,0,0,0,56,50,0,0,64,64,100,0,127,55,194142,0,91,86,0,0,0,0,14,0,79,99,0,0,0,52,27,0,63,41,0,0,67,27,0,0,114,38
78,CTG,0,0,1,0,0,0,0,0,0,0,1,0,0,0,13,23,0,0,3,0,0,0,3,0,0,0,0,1,6,1,196672,134,0,0,0,0,0,0,0,0,0,0,0,0,0,0,7,3,0,0,0,0,0,0,0,0,0,0,1,0,0,0,50,0
79,GAT,0,0,0,11,0,0,0,0,0,0,0,86,0,0,0,0,0,0,0,0,0,0,0,0,0,0,0,0,0,0,0,0,1,6,2,196965,0,0,0,0,0,0,0,3,0,0,0,0,0,0,0,35,0,0,114,111,0,0,0,0,0,0,0,0
80,GAG,0,0,3,1,0,0,0,0,0,0,0,0,0,0,0,0,0,0,0,0,0,0,0,0,0,0,0,0,0,0,0,0,4,1,197046,216,0,0,1,1,0,0,2,0,0,0,1,0,0,0,85,0,0,0,0,0,0,0,0,0,0,0,0,0
81,AGT,0,0,0,280,0,0,1,0,1,3,5,196249,0,0,6,8,0,0,20,212,0,0,0,0,0,0,0,0,0,0,0,0,0,0,0,5,0,0,25,13,0,0,1,9,0,0,0,0,0,0,0,6,0,0,54,62,0,0,18,56,0,0,0,27
82,GGT,0,0,0,0,0,0,0,0,0,0,0,2,0,0,0,0,0,0,0,0,0,0,0,0,0,0,0,0,0,0,0,0,0,0,0,3,0,0,0,0,0,8,99,196267,0,0,0,8,0,0,0,0,0,0,0,0,0,0,0,56,0,0,0,0
83,GAT,0,0,0,1,0,0,0,0,0,0,0,0,0,0,0,0,0,0,0,0,0,0,0,0,0,0,0,0,0,0,0,0,3,15,0,196996,0,0,0,0,0,0,0,0,0,0,0,0,0,0,0,127,0,0,0,2,0,0,0,0,0,0,0,0
84,TTC,0,0,0,0,0,0,0,0,0,0,0,0,0,3,0,0,0,0,0,0,0,0,0,0,0,0,0,0,0,2,0,0,0,0,0,0,0,0,0,0,0,0,0,0,0,0,0,0,0,0,0,49,0,2,0,0,0,1,18,0,59,196530,0,57
85,TCC,0,0,4,1,0,1,46,59,0,0,62,36,0,0,9,7,0,0,15,219,0,1,0,0,0,0,95,95,0,0,0,3,0,0,0,0,0,0,0,6,0,0,0,0,0,0,9,6,0,74,0,63,59,195752,60,55,0,0,12,10,0,6,0,13
86,TTG,0,0,0,0,0,0,0,0,0,0,0,0,0,0,1,3,0,0,0,0,0,0,0,0,0,0,0,0,0,0,73,38,0,0,0,0,0,0,0,0,0,0,0,0,0,0,2,0,0,0,1,0,0,0,2,0,0,0,1,0,1,0,196611,81
87,GTA,0,0,0,0,0,0,4,4,0,0,1,0,17,0,14,81,0,0,0,0,0,0,0,0,0,0,0,0,8,0,45,48,2,0,0,0,8,0,0,3,2,0,0,0,196919,0,61,46,0,0,0,0,0,0,0,0,0,0,0,3,30,0,52,0
88,GAG,0,0,20,226,0,0,63,40,0,0,1,29,0,0,30,5,0,0,28,140,0,0,26,19,0,0,4,2,0,0,11,8,5,4,195268,258,0,0,24,17,0,0,180,100,0,0,14,6,0,0,16,34,0,0,98,53,0,0,0,19,0,0,11,14
89,GAA,2,0,10,36,0,0,26,20,0,0,1,17,0,0,24,12,1,0,57,36,0,0,43,87,0,0,0,4,0,0,16,10,195884,0,83,217,0,0,69,82,6,0,34,44,0,0,15,12,33,0,0,51,0,0,71,62,0,0,51,50,0,0,5,41
90,GAT,0,0,0,48,0,0,33,27,0,0,1,26,0,0,21,12,0,0,29,41,0,0,18,29,0,0,1,1,0,0,1,7,6,11,52,196419,0,0,12,43,0,0,34,47,0,0,23,20,0,0,0,72,0,0,23,41,0,0,3,84,0,0,2,2
91,GGT,0,0,2,0,0,0,4,16,0,0,2,8,0,0,7,6,0,0,0,5,0,0,0,0,0,0,1,1,0,0,14,11,0,0,0,5,0,0,7,15,0,19,66,196692,0,0,2,23,0,0,0,28,0,0,4,4,0,0,30,73,0,0,10,15
92,CCA,0,0,0,0,64,0,4,5,0,0,0,0,0,0,7,16,68,0,1,2,196333,0,65,59,0,0,1,1,10,0,19,3,0,0,9,1,0,0,6,2,0,0,3,3,0,0,22,10,0,0,0,6,1,0,4,1,0,0,2,3,0,0,26,6
93,CCC,0,0,2,38,0,8,9,9,0,0,3,22,0,0,9,9,0,31,29,13,100,195047,62,71,0,0,13,3,0,0,7,12,0,0,15,27,0,1,5,15,0,0,10,8,0,0,6,8,0,0,0,2,0,12,14,29,0,0,7,13,0,0,15,10
94,ATG,0,0,3,4,0,0,17,3,0,0,1,0,7,0,196676,147,0,0,0,3,0,0,13,0,0,0,3,1,0,0,35,42,0,0,0,0,0,0,0,9,0,0,4,1,0,0,45,9,0,0,0,37,0,0,6,2,0,0,71,9,0,0,31,23
95,AGA,0,0,89,6,1,0,11,16,196231,0,75,7,70,0,5,3,0,0,3,5,0,0,4,4,3,0,31,59,0,0,2,0,0,0,0,0,0,0,11,1,2,0,0,4,0,0,0,2,0,0,0,10,0,0,20,4,1,0,6,0,0,0,2,1
96,GAG,0,0,1,2,0,0,17,5,0,0,0,2,0,0,10,4,0,0,36,1,0,0,0,0,0,0,0,0,0,0,10,4,6,3,197081,109,0,0,16,7,0,0,3,0,0,0,14,7,0,0,56,11,0,0,4,5,0,0,6,1,0,0,4,3
97,ATC,0,1,0,0,0,12,8,9,0,0,0,1,113,195431,18,77,0,0,3,1,0,0,0,0,0,0,0,0,0,0,24,22,0,0,0,0,0,0,0,7,0,0,0,0,0,4,41,26,0,0,0,1,0,0,0,1,0,0,0,4,0,0,25,4
98,ATA,1,0,0,0,26,0,22,6,0,0,0,3,196252,0,65,65,0,0,0,0,0,0,0,0,0,0,0,0,1,0,109,41,0,0,0,0,0,0,53,14,0,0,8,6,8,0,77,74,0,0,0,8,0,0,0,0,0,0,31,32,0,0,77,50
99,CTC,0,0,0,0,0,0,30,17,0,0,0,1,0,14,51,29,0,0,0,0,0,5,0,1,0,2,0,0,96,196709,98,127,0,0,0,0,0,0,7,18,0,0,5,13,1,1,11,34,0,0,0,26,0,0,6,3,0,0,5,14,0,29,72,98
100,AAG,10,0,197672,33,0,0,1,0,0,0,20,0,0,0,0,0,0,0,0,0,0,0,0,0,0,0,18,9,0,0,0,0,0,0,4,0,0,0,0,0,0,0,0,0,0,0,0,0,0,0,0,0,0,0,0,0,0,0,0,0,0,0,0,0
101,GTG,0,0,0,0,0,0,110,59,0,0,0,24,1,0,102,90,0,0,0,0,0,0,0,0,0,0,0,0,0,0,172,115,0,0,1,0,0,0,67,64,0,0,81,33,3,1,195981,136,0,0,0,0,0,0,52,43,0,0,2,112,0,0,154,130
102,GTC,0,0,0,0,0,0,25,28,0,0,0,7,0,6,27,34,0,0,0,0,0,0,0,0,0,0,0,0,0,3,25,30,0,0,0,0,0,9,17,33,0,0,9,16,88,195627,45,90,0,0,0,0,0,0,10,36,0,0,0,60,0,37,45,73
